# .PCD v0.7 - Point Cloud Data file format
VERSION 0.7
FIELDS x y z intensity
SIZE 4 4 4 4
TYPE F F F F
COUNT 1 1 1 1
WIDTH 7046
HEIGHT 1
VIEWPOINT 0 0 0 1 0 0 0
POINTS 7046
DATA ascii
-12.928944 -12.619245 -4.8550134 0
-12.415793 -11.023221 -4.8116894 0
-12.464622 -10.996899 -4.8185406 0
-12.680079 -12.530603 -4.7892241 0
-12.586249 -12.51552 -4.7674203 0
-12.273826 -14.287722 -4.6503243 0
-12.163875 -14.24896 -4.6242332 0
-12.213655 -12.455459 -4.6811838 1
-12.031116 -12.422969 -4.6386657 1
-11.8601 -12.399939 -4.6001959 1
-11.621309 -10.918427 -4.6140265 0
-11.836206 -14.134462 -4.5468507 0
-11.752421 -14.123557 -4.5300827 0
-12.916582 -12.746189 -4.5339093 0
-11.713599 -12.400748 -4.5707717 2
-11.635719 -12.399855 -4.5549569 1
-11.469021 -12.375733 -4.5175419 2
-11.342177 -10.860676 -4.5417414 0
-16.418783 7.4350924 -4.5604262 0
-16.392395 7.4849596 -4.5583658 0
-16.401236 7.550766 -4.5658431 0
-16.382898 7.6664891 -4.5712242 0
-11.453344 -14.027924 -4.4613171 0
-12.733204 -12.72709 -4.4956746 1
-12.63611 -12.7088 -4.4742775 0
-12.550121 -12.701161 -4.4566388 0
-12.475128 -12.704274 -4.4427533 0
-11.300501 -12.34712 -4.4791603 1
-11.212666 -12.327876 -4.4584794 0
-11.042823 -12.293898 -4.4191442 0
-11.120128 -10.780602 -4.4786019 0
-11.034273 -10.764083 -4.4567256 0
-10.94591 -10.744403 -4.4337878 0
-11.407835 -15.80888 -4.3897643 1
-11.144108 -15.652175 -4.3241296 0
-11.154689 -13.924858 -4.391737 0
-10.952382 -13.852584 -4.3443651 0
-10.842237 -13.80088 -4.3166113 0
-10.784775 -13.816454 -4.309165 0
-10.866591 -12.254357 -4.3777356 0
-10.680818 -12.196507 -4.3314781 0
-10.594668 -12.174232 -4.3108621 0
-10.733339 -15.478391 -4.233223 1
-10.573277 -13.719901 -4.2564836 0
-10.492778 -13.703438 -4.2398419 0
-10.391457 -13.658583 -4.214922 0
-10.506248 -12.148592 -4.2892566 0
-10.269919 -12.10174 -4.2354527 0
-16.491884 7.4636383 -4.2467747 0
-16.387115 7.6021576 -4.2345424 0
-10.435263 -15.351825 -4.167532 1
-11.617709 -13.669169 -4.1019611 0
-10.206108 -13.594199 -4.1723638 0
-10.035886 -13.54193 -4.134573 0
-9.9363031 -13.494716 -4.1097231 0
-9.9245243 -11.997738 -4.1511245 0
-10.041044 -15.179353 -4.0802994 2
-9.9318666 -15.115746 -4.053719 2
-9.7276354 -15.00669 -4.0056705 3
-11.627641 -13.593779 -4.0926499 39
-9.8576107 -13.475425 -4.0931501 0
-9.7587252 -13.42729 -4.0683293 0
-11.645112 -13.356207 -4.0611711 72
-9.568881 -13.339096 -4.0214801 0
-11.677109 -13.223848 -4.0475631 10
-8.3176727 15.159681 -4.0700693 0
-8.1268234 15.145267 -4.0414543 0
-8.0615854 15.136525 -4.0310378 1
-8.3328905 15.298618 -4.0979738 0
-9.6150513 -16.836233 -3.9326131 4
-9.5068159 -16.767056 -3.9080353 4
-9.634553 -14.964633 -3.9850333 3
-9.4432564 -14.869246 -3.9412918 4
-9.4071627 -13.292212 -3.9864843 1
-9.3389359 -13.283372 -3.9736359 1
-9.2509737 -13.24537 -3.9525552 1
-9.1655474 -13.210157 -3.9324052 2
-9.2805347 -16.606537 -3.8543622 4
-9.1804743 -16.554625 -3.8335245 5
-9.2576294 -14.778704 -3.899291 4
-9.1679087 -14.742729 -3.8802843 4
-9.0444937 -14.644583 -3.8463295 9
-8.9125099 -14.634193 -3.8254046 11
-11.910861 -14.088675 -3.8751435 1
-8.8377485 -13.08145 -3.8564978 2
-8.7581367 -13.050746 -3.8382344 2
-8.6636934 -13.001667 -3.8143992 3
-8.5099478 -11.552695 -3.8085954 0
-7.2074537 13.069036 -3.8045309 0
-7.2574992 14.721991 -3.8473511 1
-7.3689799 16.565834 -3.8860667 9
-7.2923007 16.53182 -3.8714566 10
-7.1900768 16.577633 -3.8683014 11
-8.9557638 -16.387428 -3.7792416 14
-8.8878622 -16.384382 -3.7700281 20
-8.6974535 -16.273268 -3.728806 8
-8.5956135 -16.203138 -3.7051828 7
-8.8106489 -14.568116 -3.7998843 6
-8.5410128 -14.42924 -3.738359 6
-8.4605856 -14.395135 -3.7212656 7
-8.5740652 -12.953852 -3.7916017 3
-8.4065018 -12.873297 -3.7506123 3
-8.3305588 -12.843907 -3.7333231 4
-8.3135109 -11.509391 -3.7653182 0
-8.2438984 -11.488029 -3.7489319 0
-8.1858444 -11.486834 -3.7383635 0
-6.9356174 12.860758 -3.722877 0
-6.8072724 12.908897 -3.7142332 1
-7.0650167 13.002084 -3.7702334 0
-6.924264 13.030944 -3.7557855 1
-6.6682644 16.065762 -3.7199223 14
-6.6276655 16.108494 -3.7232761 12
-6.571929 16.114922 -3.7185166 13
-6.8623991 16.238138 -3.77177 16
-6.2909479 18.062027 -3.7006059 18
-6.5598707 18.282333 -3.7616236 17
-8.3477087 -16.041111 -3.6491168 8
-8.2870464 -14.302055 -3.6812766 6
-8.2037201 -14.260014 -3.6625519 6
-8.0381155 -14.174783 -3.6251531 6
-7.963419 -14.145283 -3.6098039 6
-8.1773882 -12.780788 -3.6978621 3
-8.037673 -12.7361 -3.6678991 5
-7.9691582 -12.714948 -3.6533806 6
-7.8285313 -12.669771 -3.623358 6
-7.7647014 -12.654355 -3.6106808 6
-7.8512278 -11.426174 -3.6680794 2
-7.7619009 -11.41002 -3.6494749 2
-7.5758924 -11.367484 -3.6092644 3
-7.4625826 -10.195057 -3.6097264 0
-16.604462 7.5750508 -3.6160297 0
-16.574007 7.6237354 -3.6133943 0
-6.5292358 12.621742 -3.6162286 2.5
-6.8978553 13.674977 -3.6021502 1
-7.1973324 13.733098 -3.6524732 0
-7.0597506 13.728993 -3.633513 2
-6.8568044 13.704905 -3.6025169 2
-6.3033967 14.21109 -3.6309395 10
-6.2181368 15.667725 -3.6005785 14
-6.1284766 15.725053 -3.6016989 15
-6.0369349 15.778214 -3.6020091 16
-6.3858557 15.802062 -3.6424186 12
-6.1069798 15.813736 -3.6156087 16
-6.0050983 17.775028 -3.6272469 19
-5.9199505 17.70459 -3.6079853 20
-6.2953629 17.897528 -3.673506 18
-6.1151104 17.915718 -3.6605122 21
-8.0682449 -17.813442 -3.5337675 9
-8.1020851 -15.867802 -3.5918059 8
-7.6811748 -15.644704 -3.5053964 7
-7.8142142 -14.090107 -3.5798421 7
-7.7477593 -14.073377 -3.5678458 6
-7.6117139 -14.032169 -3.542217 8
-7.5439968 -14.011131 -3.5294142 9
-7.4055619 -13.961254 -3.502177 11
-7.6990423 -12.635317 -3.5971045 6
-7.5479393 -12.591984 -3.5660591 7
-7.443995 -12.571084 -3.5463765 8
-7.3128314 -12.52651 -3.5184019 9
-7.4519553 -11.333591 -3.5815742 3
-7.3808355 -11.301534 -3.5633395 4
-7.2311292 -11.262558 -3.530498 5
-7.1463199 -11.245655 -3.5129633 5
-7.3676252 -10.164187 -3.585465 0
-7.2372956 -10.15372 -3.5586545 0
-7.0225711 -10.116628 -3.5109067 1
-6.0660653 11.274647 -3.5143404 0
-6.2577591 11.415472 -3.5747526 0
-6.0334129 12.466322 -3.5158284 6
-6.1897626 12.587784 -3.5622048 5
-6.0993233 12.502862 -3.5323231 5
-6.3784261 12.619823 -3.5947599 4
-6.2459393 12.602829 -3.572993 5
-5.9260316 14.062862 -3.557626 11
-5.8558903 14.025126 -3.5421462 10
-6.1620593 14.129395 -3.5982332 9
-6.1668534 15.680072 -3.597496 14
-5.9657593 15.738757 -3.5876126 17
-5.6006765 17.480108 -3.5427802 26
-5.7801914 17.660721 -3.5885394 23
-7.8585997 -17.640118 -3.4863987 8
-7.7641521 -17.574411 -3.4668326 8
-7.6733198 -17.515524 -3.4486444 8
-7.5021996 -17.418337 -3.4163866 8
-7.5258894 -15.572174 -3.4752147 7
-7.4520531 -15.542512 -3.4616489 7
-7.3001976 -15.471565 -3.4322932 7
-7.3402762 -13.942825 -3.4902232 11
-7.1630983 -13.872351 -3.4544764 12
-6.9951077 -13.809281 -3.4213855 13
-6.927628 -13.782133 -3.4078367 13
-7.1582232 -12.483568 -3.4873095 9
-6.9645491 -12.412485 -3.4454684 10
-6.7964377 -12.341396 -3.4076312 10
-7.0865569 -11.228568 -3.4996529 6
-6.9736791 -11.208076 -3.4768531 6
-6.8593321 -11.178726 -3.4522259 6
-6.7476063 -11.151718 -3.4285972 7
-6.6384454 -11.127095 -3.4059629 8
-6.8714628 -10.099159 -3.4793441 1
-6.6364422 -10.057487 -3.427784 2
-6.6367235 -9.0941124 -3.4485426 0
-6.5144191 -9.073967 -3.4195755 0
-5.7119761 11.027142 -3.4061165 2
-5.613286 11.092319 -3.4058678 4
-5.9705973 11.181624 -3.4793117 1
-5.8426647 11.150043 -3.4529181 2
-5.6635308 11.100925 -3.4152148 3
-5.555346 11.148424 -3.4098341 4
-5.7043152 12.173389 -3.410876 8
-5.6710386 12.249641 -3.4224477 8
-5.8323679 12.344452 -3.4635518 7
-5.936801 12.414434 -3.4920619 6.5
-5.4486842 13.646014 -3.4213157 21
-5.6989121 13.892634 -3.4981575 11
-5.3353338 15.209588 -3.4285548 22
-5.4654713 15.349844 -3.4669149 12.5
-5.3225985 16.979338 -3.434767 19
-5.1355195 18.990927 -3.410017 31
-5.0675445 18.972879 -3.4024177 32
-7.3174391 -17.291862 -3.3786342 7
-7.1420965 -17.173414 -3.3431413 9
-7.061758 -17.130058 -3.3284607 9
-6.9744034 -17.068075 -3.3104231 9
-7.0053678 -15.344959 -3.3773391 10
-6.8569593 -15.270189 -3.3481231 9
-6.7808485 -15.22693 -3.3324137 10
-6.8569422 -13.747667 -3.3926499 12
-6.7831101 -13.705853 -3.3758252 11
-6.7055125 -13.661369 -3.3580749 17
-6.645874 -13.647128 -3.3478606 18
-6.5103922 -13.582504 -3.3192365 6
-6.4413986 -13.546207 -3.3041208 3
-6.73383 -12.31812 -3.3941753 10
-6.6092486 -12.270749 -3.3672884 9
-6.5454707 -12.243205 -3.352962 8
-6.4186101 -12.187282 -3.3243337 8
-6.3622952 -12.17737 -3.314405 9
-6.5240264 -11.095971 -3.3813088 8
-6.4459076 -11.081186 -3.3658216 8.5
-6.3105869 -11.045381 -3.3371201 9
-6.2590008 -11.034711 -3.3268139 9
-6.1487455 -10.999112 -3.3023417 9
-6.505651 -10.028105 -3.3980682 3
-6.4515138 -10.012676 -3.3851421 3
-6.3457799 -9.9843636 -3.3603604 3
-6.2467089 -9.9649897 -3.3387299 3
-6.1659865 -9.9427099 -3.319828 2.5
-6.4207578 -9.0655642 -3.3990309 0
-6.3497953 -9.0546799 -3.3825707 0
-6.2855263 -9.052907 -3.3694725 0
-6.1057835 -9.0322475 -3.3297367 1
-6.0428772 -9.0207214 -3.3149898 1
-5.895771 -8.2076807 -3.3059704 0
-5.9259224 -8.1952543 -3.3095009 0
-5.3760023 9.9064322 -3.3208334 0
-5.4481983 11.020827 -3.3657353 4
-5.2035413 12.067179 -3.3240798 11
-5.150888 12.047997 -3.313437 12
-5.0983973 12.028603 -3.3028021 13
-5.531136 12.146049 -3.382479 8.5
-5.4498687 12.166714 -3.3763418 10
-5.2830219 12.146585 -3.3508844 9
-5.194849 13.496003 -3.3635783 19
-5.3039141 13.528018 -3.3818882 27
-5.1099501 14.865752 -3.3436778 29
-4.61905 18.683519 -3.3267193 32
-4.853478 18.795053 -3.3600044 33.333332
-6.8933325 -17.020369 -3.2950974 8
-6.8097773 -16.965002 -3.2784691 9
-6.6436839 -16.861712 -3.2463312 9
-6.5612874 -16.805265 -3.2296896 9
-6.6203184 -15.117767 -3.2965536 31
-6.5545344 -15.095187 -3.2853675 41
-6.4540224 -15.055338 -3.2674916 12.5
-6.2744069 -14.96335 -3.2323952 8
-6.309175 -13.483387 -3.2763836 3
-6.2604852 -13.488967 -3.2711303 2
-6.1844273 -13.433714 -3.2519617 0
-6.1096277 -13.386338 -3.2343295 0
-6.0391383 -13.341128 -3.2176487 0
-6.2473278 -12.140692 -3.2912002 6
-6.1866059 -12.115021 -3.2778177 7
-5.8299437 -11.967092 -3.2002966 9
-6.0938034 -10.985441 -3.2909887 8
-5.9546704 -10.93383 -3.2590091 7.5
-5.8184686 -10.884211 -3.22804 9
-5.7628851 -10.861181 -3.2148938 9
-6.0443587 -9.9181204 -3.2933595 3
-5.9955339 -9.9072437 -3.282572 5
-5.8422713 -9.8643732 -3.2470307 5
-5.7978468 -9.8593321 -3.2383428 6
-5.6738844 -9.8223658 -3.2093682 5.5
-5.9646301 -9.006917 -3.2968218 2
-5.8536172 -8.9904985 -3.2719035 2
-5.7513289 -8.9859791 -3.2514539 2
-5.6475019 -8.9770803 -3.2299099 3.5
-5.5265269 -8.9735546 -3.2065535 3
-5.8488712 -8.1990986 -3.2940531 0
-5.6308422 -8.1868849 -3.2455783 1
-5.5742488 -8.1864519 -3.2337711 1
-5.4683542 -8.1982698 -3.2148311 0
-4.8606586 8.9482555 -3.2061357 0
-5.023396 9.7962875 -3.2379398 3
-5.22964 9.8555813 -3.2850049 1
-5.1033278 9.8015947 -3.2519097 3
-4.7294002 11.876981 -3.2256672 19
-4.6841178 11.870323 -3.2188776 17
-4.9643497 11.976477 -3.2752423 13.5
-4.6814251 13.00339 -3.2104564 27
-4.8662739 13.192392 -3.2677398 21
-4.7822475 13.153229 -3.2510364 21
-5.0054646 13.251748 -3.2944491 23
-4.9424386 13.209205 -3.2792029 20
-4.9044738 14.418865 -3.241751 25
-4.5917587 16.228893 -3.24804 34
-4.3835664 18.234184 -3.2412584 30
-4.4616261 18.308229 -3.2579517 29
-6.4313145 -18.657618 -3.1275032 7
-6.3491154 -18.606539 -3.1133792 8
-6.4005513 -16.698692 -3.1978097 10
-6.3166394 -16.633814 -3.1798878 10
-6.154283 -16.514071 -3.1461146 11
-5.9921303 -16.397713 -3.1129467 13
-6.0186849 -14.869611 -3.1886432 1
-5.8530807 -14.728909 -3.1477783 0
-5.7843451 -14.688637 -3.1337094 0
-5.6519756 -14.618259 -3.107832 0
-5.9547777 -13.263353 -3.1936257 0
-5.8266001 -13.19644 -3.1660597 3
-5.6902876 -13.106817 -3.1336465 5
-5.5628791 -13.034063 -3.1053634 8
-5.7741122 -11.946657 -3.1887605 10
-5.6613579 -11.901552 -3.1648216 12
-5.6028214 -11.873334 -3.1515315 13
-5.6539435 -10.822314 -3.190455 13
-5.5989475 -10.798561 -3.1773331 13
-5.4895606 -10.75034 -3.1511114 14
-5.5261641 -9.7759237 -3.1745434 7
-5.3771753 -9.7268257 -3.1391692 8.5
-5.2403746 -9.6919165 -3.1091082 8.5
-5.4645805 -8.9666424 -3.1935349 5
-5.3599877 -8.9403276 -3.1683702 6
-5.24617 -8.921032 -3.143281 7
-5.1233521 -8.9017458 -3.1167598 3
-5.0785604 -8.8876705 -3.1055326 3
-5.2323031 -8.2001657 -3.1676674 3.5
-5.1451473 -8.2057934 -3.1517317 2.5
-5.3719292 -8.191309 -3.1935916 2.5
-5.2840724 -8.1963167 -3.1770902 3
-5.0286207 -8.1907816 -3.1252015 1
-4.9576774 -8.1894884 -3.1110857 1
-4.6001902 8.7294941 -3.1060004 1
-4.7653289 8.905097 -3.1787369 0
-4.6327686 9.4742804 -3.1000042 5
-4.7549615 9.5328312 -3.1329305 4
-4.9278674 9.6857376 -3.1965172 3
-4.7182508 10.69476 -3.1896288 11
-4.5898814 10.671967 -3.1672208 12
-4.3368206 10.629885 -3.1245155 19
-4.1898146 10.644819 -3.1093624 18
-4.6837473 10.706179 -3.1875885 12
-4.448247 10.708498 -3.1570463 14.5
-4.336441 10.722375 -3.1458652 17
-4.2932067 10.711057 -3.1377511 19
-4.5568438 11.762459 -3.1807191 20
-4.3804379 12.788713 -3.1363924 29
-4.2662659 12.71291 -3.1096358 25
-4.576148 12.963113 -3.1914632 24
-4.3563609 13.94598 -3.1037409 35
-4.6702166 14.172257 -3.1742811 42
-4.5985222 14.250118 -3.1821606 38
-4.0716991 15.688405 -3.1157548 31
-3.9649782 15.675992 -3.1057539 34
-4.1474667 15.777946 -3.1367862 33
-3.928314 17.539967 -3.1036313 32
-4.0125914 17.658073 -3.1274285 39
-4.2143927 18.023737 -3.197418 34
-6.1789098 -18.493195 -3.0832393 7
-6.091795 -18.422277 -3.0662053 8
-6.0003319 -18.335932 -3.0468233 8
-5.9178634 -18.275585 -3.0316143 8
-5.7530537 -18.150093 -3.0006652 8
-5.9144464 -16.342199 -3.0971286 14
-5.7629118 -16.23764 -3.0668859 12
-5.6902924 -16.192345 -3.053122 11
-5.4694591 -16.039711 -3.0092673 10
-5.5661678 -14.5293 -3.0841966 0
-5.4181256 -14.409214 -3.0488188 0
-5.3339643 -14.31914 -3.0252607 0
-5.2691278 -14.280441 -3.0120473 4
-5.4650784 -12.977903 -3.0836639 9.5
-5.1351528 -12.801038 -3.0131521 10
-5.075799 -12.774281 -3.0013964 10
-5.330524 -11.772228 -3.0957506 3
-5.2271361 -11.7377 -3.0754764 2
-5.1718192 -11.711167 -3.0631394 1
-5.118258 -11.687988 -3.0516958 0
-4.999598 -11.6122 -3.0217664 0
-5.2262464 -10.644062 -3.0904131 15
-5.12465 -10.603115 -3.0671837 15
-5.074945 -10.584078 -3.0560589 14
-4.9727931 -10.538318 -3.0319173 16
-5.1269259 -9.660965 -3.0839174 9
-5.0807085 -9.646183 -3.0732281 9
-4.9641304 -9.6092215 -3.0464525 7
-4.8342834 -9.576088 -3.0185847 11
-4.7697453 -9.5589399 -3.0046666 11
-4.9708834 -8.8583641 -3.0796967 4
-4.8521986 -8.8432369 -3.0553808 8
-4.7322445 -8.8190002 -3.0289669 7.5
-4.6287017 -8.789422 -3.0043199 5
-4.8404627 -8.1686258 -3.0834217 4
-4.7471972 -8.1572151 -3.0628314 2.5
-4.6340055 -8.1366777 -3.036428 6
-4.5245557 -8.121851 -3.0123615 4.5
-4.3420277 8.6933823 -3.0534997 4
-4.2596331 8.6668587 -3.0331891 4
-4.1600871 8.6133451 -3.0032651 5.8000002
-4.5643673 8.7271919 -3.0993183 1
-4.479497 8.7292929 -3.0855365 2.5
-4.3864083 8.7177687 -3.0670834 4
-4.1087389 9.4982624 -3.0285683 12
-3.9336817 9.499464 -3.0044825 17
-4.2158098 9.5808001 -3.0640824 12
-3.9705267 9.5003281 -3.0097632 16
-3.9462676 10.358999 -3.0126352 19
-4.0625277 10.466767 -3.0520868 18
-4.18153 11.212591 -3.0186145 49
-3.9247408 12.469492 -3.0269458 26
-4.0415254 12.56666 -3.0579331 24
-3.9955649 12.557205 -3.051578 26
-4.143611 12.614697 -3.0776336 25
-4.099812 12.613021 -3.0730088 27
-4.1260061 13.657288 -3.0295248 30
-4.052618 13.643079 -3.0204995 34
-3.9738412 13.609736 -3.0074844 31
-4.2605743 13.791513 -3.0664234 26
-4.1948099 13.730158 -3.0491672 24
-3.7237017 15.335882 -3.0297046 30
-3.6216011 15.328801 -3.0212593 32
-3.9030397 15.635198 -3.0942192 31
-3.5811968 17.241495 -3.0353601 31
-3.7782207 17.375908 -3.0685523 33
-3.6517789 17.310984 -3.0505571 32
-3.4729609 19.357965 -3.0120037 17
-3.5508096 19.444021 -3.0281739 18
-3.4207709 19.411848 -3.0167956 21
-5.5911951 -18.027033 -2.9703894 9
-5.4279451 -17.903612 -2.940037 8
-5.2641149 -17.758904 -2.9069896 8
-5.3957691 -15.98573 -2.9942422 10
-5.0245209 -15.693333 -2.915947 13
-4.9520845 -15.633741 -2.9003747 13
-5.128643 -14.177211 -2.9803846 8
-5.0530658 -14.10428 -2.9605994 9
-4.9200401 -14.00575 -2.9306428 15
-4.9622517 -12.718246 -2.9781396 11
-4.7936316 -12.63246 -2.9433329 13
-4.6243973 -12.537251 -2.9070086 13
-4.8934808 -11.56869 -2.9997237 0
-4.7886858 -11.51983 -2.9769318 0
-4.730762 -11.480596 -2.962029 0
-4.6631346 -11.450833 -2.9477472 0
-4.5744262 -11.401385 -2.9270859 1
-4.7768607 -10.462794 -2.9884064 16
-4.659853 -10.420059 -2.9631126 17.5
-4.5245047 -10.376162 -2.9351914 15.5
-4.4369531 -10.350772 -2.9178717 17
-4.7229486 -9.539155 -2.9929934 11
-4.6597466 -9.5273428 -2.980552 10.5
-4.5300045 -9.4852104 -2.9512463 12.5
-4.427453 -9.4591665 -2.929847 12
-4.3540711 -9.4405699 -2.914643 11.6
-4.5485649 -8.7728977 -2.9868577 4.5
-4.4685674 -8.7516232 -2.9683847 4
-4.2323575 -8.6895828 -2.9146438 4
-4.4321117 -8.1054535 -2.9912479 4
-4.3977208 -8.1025209 -2.9842265 3
-4.3220658 -8.0826683 -2.9655139 3
-4.2826428 -8.0691042 -2.9549947 3
-4.1599121 -7.9890966 -2.9128904 10
-4.0423107 8.5934677 -2.9792998 7
-3.6455328 8.5760632 -2.9139836 14.666667
-4.1043916 8.6205654 -2.9961922 6
-3.9544601 8.6134968 -2.9707305 10.25
-3.8474922 8.6260958 -2.9575188 11.333333
-3.716068 8.6173229 -2.9353564 13
-3.6184132 8.6103182 -2.9190536 15
-3.6020911 9.2664833 -2.9018769 19
-3.6978712 9.339695 -2.9328518 18
-3.8442492 9.4496899 -2.9799244 16
-3.4543395 10.193794 -2.9158368 25.5
-3.6324897 10.296303 -2.9604864 22
-3.5526469 10.222415 -2.9338129 23
-3.8804474 10.330804 -2.9980235 21
-3.75734 10.897546 -2.902983 23
-4.1426973 10.90654 -2.9479074 1
-3.8401961 11.02474 -2.9397776 31
-3.9687653 11.168192 -2.9851608 39
-3.2557817 12.165917 -2.904022 31
-3.4116223 12.288147 -2.942759 31
-3.3354785 12.234773 -2.9251125 31.5
-3.4580569 12.307196 -2.9507768 31
-3.8211043 13.39767 -2.9547269 32
-3.8866529 13.468147 -2.9735 29
-3.4221685 15.113713 -2.9702096 32
-3.1780021 16.595589 -2.9100323 31
-3.2713602 16.798235 -2.9473171 34
-3.3489032 16.915335 -2.9702742 36
-3.4216783 17.005043 -2.9886804 33
-3.0179141 18.835434 -2.915365 34
-3.2909274 19.025139 -2.9558773 37
-5.1856747 -17.695553 -2.8919666 8
-5.0183949 -17.525978 -2.8555441 10
-4.9361529 -17.44257 -2.8376665 9
-4.874289 -15.554988 -2.8815269 13
-4.8027563 -15.494777 -2.8659971 12
-4.7266622 -15.427547 -2.8490338 11
-4.6526446 -15.355376 -2.8315728 11
-4.584671 -15.301822 -2.8174193 11
-4.7821622 -13.887469 -2.8970869 15
-4.6496506 -13.779207 -2.8658054 15
-4.4022622 -13.608864 -2.8128207 16
-4.5684738 -12.512007 -2.8961542 11
-4.4370213 -12.451452 -2.8705382 15
-4.281723 -12.358269 -2.8366029 14
-4.1982574 -12.323646 -2.8212049 11
-4.4356742 -11.314012 -2.892868 5.5
-4.3155594 -11.264646 -2.8684571 13
-4.2640233 -11.234304 -2.856256 14
-4.1749597 -11.209675 -2.8406265 13
-4.0506392 -11.145506 -2.8131669 13
-4.3245401 -10.314353 -2.8949714 20
-4.1465521 -10.245275 -2.8566535 21
-4.053895 -10.203167 -2.8355565 20
-4.0121789 -10.190535 -2.8274002 20
-3.9236298 -10.150231 -2.8073249 21
-4.2584949 -9.4054594 -2.8925126 7
-4.2196975 -9.3976135 -2.884999 9
-4.1423883 -9.3814669 -2.8699856 13
-4.0624352 -9.3575907 -2.8529449 16
-3.9586535 -9.3182392 -2.8290858 17
-3.8993661 -9.3014603 -2.8168042 17
-4.146121 -8.6481018 -2.8907762 12.5
-4.0716944 -8.6305132 -2.8745825 11
-3.8448017 -8.5639887 -2.8227496 8
-3.7674546 -8.5333862 -2.8033514 8
-4.0673194 -7.9617877 -2.8895774 15
-3.8441744 -7.9309831 -2.8429792 15
-3.7327931 -7.9097142 -2.8185925 16
-3.3199472 8.4517899 -2.8340511 19
-3.2333016 8.422842 -2.8142471 20
-3.5372269 8.5703793 -2.8966277 15
-3.4784284 8.5038881 -2.8704586 16
-3.2455237 9.0950747 -2.8131633 20
-3.4590569 9.1514359 -2.8544083 20
-3.3484862 9.1762104 -2.846555 20.428572
-3.0287738 9.9506569 -2.811475 28
-3.1107836 10.050413 -2.8440173 26
-3.3138683 10.146204 -2.8888578 31
-3.2549763 10.178287 -2.8900518 29
-3.3501866 10.797857 -2.8386173 36
-3.6494529 10.857304 -2.8826277 28
-3.5594978 10.832097 -2.8676319 30.666666
-3.4321239 10.8243 -2.8527586 31
-3.0628698 11.890739 -2.8307815 26
-3.0262225 11.900517 -2.8297482 30
-3.1847923 12.051853 -2.8743958 28
-3.0369949 12.995948 -2.8165784 31.5
-3.247611 13.062274 -2.8451326 31.5
-3.4613967 13.21856 -2.8914955 35
-3.0445957 14.493459 -2.8372343 34
-2.9367223 14.424137 -2.8181682 33
-3.2069528 14.590185 -2.8648124 40
-3.1009977 14.537431 -2.8485875 32
-2.845721 16.221109 -2.8321853 36
-2.9759974 16.365465 -2.8622348 35
-3.0360074 16.406239 -2.8720694 34
-2.6588242 18.443594 -2.8427732 20
-2.9166312 18.575377 -2.8738084 20
-2.8117104 18.680368 -2.8834264 38
-4.7662067 -17.260279 -2.7995026 8
-4.6007905 -17.071878 -2.7610276 8
-4.5185351 -16.975237 -2.7415445 8
-4.4359455 -16.874407 -2.7215104 8
-4.4433413 -15.171123 -2.7852299 13
-4.3765759 -15.11672 -2.7711325 14
-4.1744251 -14.936668 -2.7263339 11
-4.1056056 -14.878095 -2.7115273 10
-4.342092 -13.566385 -2.799823 14
-4.2192345 -13.469407 -2.7716885 38
-4.1156526 -13.439987 -2.7565777 15
-4.0028663 -13.367538 -2.7336304 11
-3.9479637 -13.33476 -2.7228997 11
-4.0628185 -12.243392 -2.792048 1.5
-3.9638827 -12.176446 -2.7693512 1.6666666
-3.8259923 -12.09207 -2.7394557 1
-3.7140849 -11.995904 -2.7103219 5
-3.9333217 -11.090487 -2.7884746 16
-3.8846982 -11.062234 -2.7772193 15
-3.7487049 -11.002235 -2.7495944 13
-3.7020798 -10.976936 -2.7392437 14
-3.8274786 -10.119263 -2.7883465 13
-3.7347658 -10.078864 -2.767921 8
-3.6236391 -10.022569 -2.7419155 12
-3.5845647 -10.011952 -2.7347603 13
-3.5017092 -9.9755573 -2.716707 16
-3.7054045 -9.2393913 -2.7753983 16
-3.6636977 -9.2228699 -2.7658417 16
-3.5893631 -9.2024574 -2.7508998 15
-3.4719465 -9.1526051 -2.723464 15
-3.3622851 -9.1195755 -2.7011333 16
-3.731642 -8.5240088 -2.7955663 15
-3.6602983 -8.5048294 -2.780005 16
-3.5398548 -8.4698009 -2.7533092 16.333334
-3.4535911 -8.4451847 -2.7344596 16.799999
-3.341959 -8.4124613 -2.7100589 17
-3.542201 -7.8660069 -2.7756357 17.666666
-3.4179702 -7.8391337 -2.7484481 14.5
-3.3488936 -7.8128729 -2.7305405 12.5
-3.270978 -7.8024826 -2.7154677 12
-3.1303186 8.38729 -2.7906365 23.5
-2.9408815 8.3505774 -2.7555852 28
-2.8597558 8.3393068 -2.7420847 27
-2.8589432 8.8792648 -2.7119036 27.333334
-3.0486088 8.9822006 -2.760499 21
-2.9648616 8.9176979 -2.734091 23
-3.16236 9.0395231 -2.7888417 22
-2.7496593 9.680069 -2.717788 28.5
-2.8074067 9.7112684 -2.7311254 27
-2.9174578 9.8597965 -2.778091 27
-2.8738234 9.8246098 -2.7651546 29
-2.9669967 9.9133148 -2.7960653 29
-2.9664361 10.598517 -2.7569923 33
-2.60044 11.580296 -2.7291167 29
-2.557008 11.55434 -2.7203772 28
-2.7705264 11.659723 -2.7589645 28
-2.6806982 11.601311 -2.739718 29
-2.8568468 11.772944 -2.7894213 28
-2.5888703 12.56787 -2.7026968 33
-2.6862385 12.642886 -2.7238271 30
-2.7437263 12.718413 -2.7423296 32
-2.5630779 13.913736 -2.7057083 29
-2.6244624 14.002008 -2.7248883 33
-2.4764876 15.536448 -2.7041051 33
-2.5599418 15.742527 -2.7410982 32
-2.6322086 15.874287 -2.7657845 30
-2.6932588 15.93573 -2.7787948 31
-2.4328113 18.068575 -2.7793651 27
-4.5380912 -19.18281 -2.6811872 8
-4.373827 -19.013601 -2.6494622 5
-4.2051458 -18.828325 -2.6156549 5
-4.1263289 -18.748375 -2.6006484 6
-4.2823834 -16.710091 -2.6873417 10
-4.1997814 -16.600561 -2.6662366 10
-4.0579391 -16.481203 -2.6390338 30
-3.9242594 -16.375427 -2.614363 8
-3.8562012 -16.314438 -2.6009002 8
-4.0398202 -14.818513 -2.6968715 9
-3.9065127 -14.687086 -2.6656649 8
-3.779835 -14.573699 -2.6377916 11
-3.6537697 -14.455462 -2.6093423 13
-3.8356783 -13.257202 -2.6993001 8
-3.7234783 -13.174962 -2.6750302 9
-3.6688433 -13.137304 -2.6636364 9
-3.5292087 -13.035211 -2.6336575 11
-3.3926585 -12.927358 -2.6031556 11
-3.6113811 -11.933295 -2.6882956 15
-3.5095634 -11.861695 -2.6648326 14
-3.4617109 -11.83502 -2.6550996 14
-3.3491421 -11.765739 -2.6311104 12.666667
-3.2234466 -11.699461 -2.6064751 11
-3.4541566 -10.857471 -2.6875677 16.5
-3.3657813 -10.811821 -2.6687133 16.5
-3.2586453 -10.768707 -2.6484025 12
-3.1260946 -10.688977 -2.6182237 5
-3.0841908 -10.668727 -2.6097126 5
-3.4169853 -9.9311352 -2.696804 9
-3.3401995 -9.9082174 -2.6825533 9
-3.1568701 -9.8216696 -2.6420636 18
-3.0527933 -9.7570295 -2.6159465 18
-3.3204644 -9.0979252 -2.6905909 16
-3.2282579 -9.0635395 -2.670516 16.5
-3.1367593 -9.0282984 -2.6504731 16
-3.0974505 -9.005127 -2.6400518 17
-3.0631511 -8.9965115 -2.6336598 17
-2.9685361 -8.9509525 -2.6110911 15
-3.2376451 -8.3792267 -2.6867733 16
-3.1389284 -8.3553314 -2.6667874 16
-3.021266 -8.3211708 -2.6418192 17.5
-2.9192562 -8.2802353 -2.6176033 13.5
-3.1392922 -7.7576938 -2.6831977 20
-3.0592356 -7.7363586 -2.6653004 18.5
-2.9796736 -7.7101336 -2.6462924 19
-2.9461672 -7.6943855 -2.63709 17
-2.8582721 -7.6602592 -2.6149671 12.25
-2.6412091 8.0586843 -2.6380193 26
-2.5699651 8.0141106 -2.6170721 40
-2.7129729 8.1067772 -2.6601024 32
-2.6831596 8.1009512 -2.6547856 31
-2.273026 8.6933823 -2.6005785 30
-2.4143736 8.7521734 -2.6303051 29
-2.3407516 8.7304716 -2.6170914 30
-2.7743232 8.866807 -2.6990192 27.333334
-2.4531741 9.4706163 -2.6382706 28
-2.3561392 9.4564562 -2.625793 30
-2.2820594 9.4076242 -2.6071548 30
-2.2957234 10.264604 -2.6231232 30
-2.4220011 10.37429 -2.6583357 30
-2.2460275 10.34004 -2.6362424 32
-2.7083213 10.420779 -2.6935346 31
-2.6421771 10.430439 -2.6898575 32.5
-2.5565336 10.455462 -2.688056 31.333334
-2.1337814 11.28997 -2.634227 30
-2.0318422 11.226276 -2.6138699 27
-2.3354309 11.38777 -2.6690493 28
-2.2249053 11.323268 -2.6475983 30
-2.1723108 11.30215 -2.6394634 30
-2.4673512 11.486686 -2.699477 27
-2.379442 11.422182 -2.6794708 28
-2.7944641 12.227725 -2.652221 65
-2.6906807 12.296249 -2.6578076 49
-2.2162669 12.295323 -2.6256318 30
-2.1755586 12.287022 -2.6214561 31
-2.4549785 12.3077 -2.6436493 40
-2.3155384 12.403967 -2.6529388 32
-2.5461433 12.556965 -2.6976817 34
-2.0550249 13.492104 -2.6023731 31
-2.1527166 13.567739 -2.6210966 30.5
-2.2888336 13.608292 -2.6359468 29
-2.4624236 13.848716 -2.6882746 30
-2.0341067 15.193274 -2.6272945 31
-1.9583261 15.161936 -2.6186705 34.5
-2.1373985 15.246157 -2.6407573 33
-2.0837426 15.206122 -2.6317582 31
-2.2682996 15.316124 -2.6584375 32
-2.4111481 17.123949 -2.6452515 1
-2.193177 17.10673 -2.632781 38
-1.9318279 17.167807 -2.6299398 32
-2.1158106 17.348461 -2.6634543 32
-4.0431175 -18.644821 -2.582639 7
-3.9630277 -18.552586 -2.566175 8
-3.8093953 -18.39049 -2.5363514 8
-3.7310705 -18.297316 -2.5199711 9
-3.6541197 -18.207722 -2.5041206 8
-3.788558 -16.25318 -2.5874569 8
-3.65255 -16.134384 -2.5610619 9
-3.5210347 -16.01388 -2.534888 8
-3.3919744 -15.896235 -2.5093646 8
-3.5920751 -14.410024 -2.5972879 13
-3.5314105 -14.35603 -2.5840814 12
-3.4388871 -14.264956 -2.5626888 11.5
-3.2915783 -14.133822 -2.5307827 10
-3.2353661 -14.090201 -2.519598 9
-3.1761317 -14.043075 -2.5076582 9
-3.3397353 -12.888407 -2.5918427 10
-3.286139 -12.845431 -2.5798242 8
-3.1785247 -12.763236 -2.5564334 11
-3.0716386 -12.668142 -2.531064 9
-2.9678042 -12.579882 -2.507184 12
-3.127435 -11.632343 -2.5847661 13
-3.0802789 -11.600402 -2.5743229 10
-3.0333552 -11.568276 -2.5638902 10
-2.9430139 -11.514905 -2.5454154 14
-2.8498139 -11.449572 -2.5245752 13.5
-2.9434094 -10.617599 -2.5846558 4.5
-2.8791497 -10.580732 -2.5706022 4
-2.7944119 -10.526849 -2.5511007 3
-2.711406 -10.476106 -2.5324903 4
-2.6272905 -10.417138 -2.5122049 6
-2.5846312 -10.39167 -2.5028391 8
-2.9722288 -9.717021 -2.5979881 8
-2.8745723 -9.6654606 -2.5756888 14.5
-2.7799573 -9.6204891 -2.55529 17
-2.7042994 -9.5816031 -2.538444 16
-2.6671922 -9.5638237 -2.5304937 18
-2.5743599 -9.5229683 -2.5114899 17.5
-2.9147556 -8.9280529 -2.599021 16
-2.8821399 -8.9224596 -2.5936553 14
-2.8114569 -8.8924017 -2.5779238 15
-2.7423699 -8.8655157 -2.5632153 17
-2.6370006 -8.8208952 -2.5401144 17
-2.5236804 -8.7723799 -2.5153637 16.333334
-2.4669394 -8.7457762 -2.5025101 16
-2.8065264 -8.2462502 -2.5938809 17
-2.7723188 -8.2294559 -2.5851202 18
-2.6086147 -8.1660395 -2.5477533 17
-2.5451658 -8.1417875 -2.5335124 19
-2.4784424 -8.1101799 -2.5170782 19
-2.4322422 -8.094099 -2.5072236 20
-2.7445788 -7.6308699 -2.5905106 20
-2.6686594 -7.6052113 -2.5727539 19
-2.6088231 -7.5856061 -2.5590229 19
-2.5446229 -7.5509534 -2.5407436 20
-2.4278388 -7.5171819 -2.5155807 19
-2.3997319 -7.5101895 -2.5098841 18
-2.4866955 7.9247088 -2.5824575 31
-1.8791294 8.4678879 -2.5040572 27
-2.0164685 8.5813665 -2.5464568 30
-1.9452021 8.5155115 -2.5225759 32
-2.1860697 8.6889696 -2.5908246 31
-2.0705876 8.6273651 -2.5636067 27
-2.2176204 8.7004833 -2.5969265 32
-1.9523921 9.1655846 -2.5193985 30.666666
-1.8487413 9.1632919 -2.5103765 28.5
-2.1393642 9.2656012 -2.5598214 30.5
-2.0830305 9.2174501 -2.5431528 29
-1.8410226 9.9568014 -2.5182323 29
-2.0285079 10.093214 -2.5632153 30
-2.1244497 10.161991 -2.5862339 30
-1.7342793 10.827488 -2.5103307 28
-1.7941341 10.979747 -2.5462968 26
-1.8437446 11.066257 -2.5677414 28
-1.9316615 11.165556 -2.5944078 27
-1.9431781 11.834776 -2.5197825 38
-1.7614994 11.884736 -2.5187998 29
-1.872453 11.97803 -2.5432992 28
-2.0478008 12.00345 -2.5587604 33
-2.1156948 12.170475 -2.5952179 32
-1.7009809 13.087461 -2.5123959 31
-1.8078337 13.263128 -2.5488641 32
-1.9290476 13.376391 -2.5752006 29.5
-1.5349244 14.544452 -2.5010881 35
-1.5868205 14.602093 -2.5125496 33
-1.8093233 14.920883 -2.5733538 34
-1.8708488 15.03628 -2.5945649 33
-1.502073 16.585142 -2.5298328 30
-1.4490639 16.570314 -2.5256634 30
-1.6256511 16.787611 -2.5634363 31
-1.6880069 16.884562 -2.5796921 30
-1.8034298 16.97546 -2.5973153 32
-1.1899588 18.847767 -2.5079255 36
-1.5166184 19.264568 -2.5711076 33
-1.829465 19.395166 -2.5988593 15
-1.7009399 19.311924 -2.583703 27
-1.6443076 19.352995 -2.58672 24
-1.460124 19.309053 -2.5746317 27
-3.5010657 -18.039938 -2.4738514 7
-3.3577025 -17.893772 -2.4468415 8
-3.2871156 -17.822227 -2.4336219 7
-3.1446633 -17.662697 -2.4052598 8
-3.3280432 -15.83704 -2.4966309 8
-3.1998487 -15.710143 -2.4700785 7
-3.0718746 -15.57448 -2.4424667 7
-3.0029256 -15.491241 -2.426281 7
-2.9401369 -15.422771 -2.4125321 7
-3.1205423 -13.999012 -2.4965024 9
-3.0070469 -13.894795 -2.4716656 7
-2.8621511 -13.738108 -2.4365516 8
-2.7235336 -13.599434 -2.4047525 8
-2.8686061 -12.506179 -2.4862151 12
-2.7649384 -12.416823 -2.4623358 7
-2.7171156 -12.383148 -2.4526076 8
-2.6442609 -12.324568 -2.4366164 8
-2.523598 -12.223499 -2.4095511 8
-2.7119894 -11.350327 -2.4934084 15
-2.6686316 -11.324431 -2.4846265 13
-2.6246033 -11.294545 -2.47507 13
-2.5343738 -11.230892 -2.4551067 11
-2.4478457 -11.169948 -2.4360657 9
-2.3621814 -11.108355 -2.4170644 9
-2.3212166 -11.08501 -2.4091356 10
-2.5233238 -10.350555 -2.4885197 9.5
-2.4632809 -10.312941 -2.475069 8
-2.3442323 -10.238013 -2.4484844 17
-2.2638388 -10.182917 -2.4297192 15
-2.1865718 -10.131997 -2.4121852 14
-2.4458692 -9.4546232 -2.4828479 18.333334
-2.3353047 -9.3946447 -2.4581442 20
-2.2649539 -9.3599815 -2.4433012 18
-2.1951201 -9.3248043 -2.4284809 18
-2.1258194 -9.2891159 -2.4136853 17
-2.3986301 -8.7167377 -2.4878271 16
-2.3313668 -8.683012 -2.4722497 16
-2.2556696 -8.6510782 -2.4562597 16.666666
-2.1695471 -8.6134548 -2.4378664 10
-2.1024845 -8.5783854 -2.4222906 5
-2.0374658 -8.5424423 -2.4068143 17
-2.3409708 -8.0630455 -2.4880743 18.5
-2.2314203 -8.0103483 -2.4614341 18
-2.1604166 -7.9846644 -2.4464757 13.666667
-2.0502155 -7.9357352 -2.4211502 16
-1.9886822 -7.8998508 -2.4049573 18
-2.3404291 -7.4848757 -2.4950891 19
-2.2530928 -7.4537754 -2.4751368 16.5
-2.1668148 -7.417654 -2.4541512 17.5
-2.0687866 -7.3801975 -2.4315071 18
-1.9849687 -7.3497944 -2.4127994 19
-2.3159971 7.5530429 -2.4598517 28
-2.0908961 7.5621367 -2.4367008 31
-1.9353323 7.5879927 -2.4272733 37
-1.8533826 7.634408 -2.4319043 32.5
-1.7585248 7.6316509 -2.4217489 32
-1.6542761 7.6072383 -2.4049592 31
-1.4091694 8.2631664 -2.4108915 32
-1.7342604 8.3861971 -2.4698145 29
-1.5442568 8.374754 -2.4510603 33
-1.4695953 8.3067884 -2.427129 32
-1.8463465 8.4438877 -2.4948063 28
-1.6194499 8.4217472 -2.4695883 33
-1.3551352 8.8980064 -2.4083192 28
-1.517241 8.9669514 -2.4367111 28
-1.4409343 8.9070644 -2.4164615 29
-1.3843138 8.9049463 -2.4120231 29
-1.6315482 9.0197315 -2.4581587 28
-1.5743217 9.0207958 -2.4541738 29
-1.7933658 9.1077204 -2.4922912 28
-1.5278503 9.5909491 -2.4128056 30
-1.5953249 9.6305685 -2.4263983 26
-1.4700415 9.6085224 -2.4130781 32
-1.7117356 9.7676115 -2.4657903 27
-1.7882234 9.8441868 -2.4887052 30
-1.5309031 10.401515 -2.4076807 27
-1.516104 10.522474 -2.4324405 28
-1.6922081 10.779114 -2.4974737 27
-1.3671355 11.414276 -2.406029 28
-1.4561492 11.548911 -2.436846 28
-1.6525285 11.778443 -2.492053 29.5
-1.5548402 11.741155 -2.4794741 32
-1.4191002 12.774579 -2.4433265 31
-1.3818792 12.798777 -2.4458725 29
-1.5252398 12.991561 -2.486769 32
-1.6078196 13.000767 -2.4924254 31
-1.4879273 13.019986 -2.4900095 31
-1.1770616 14.076937 -2.4115672 33
-1.2730496 14.167052 -2.4298322 32
-1.3227994 14.225617 -2.4412279 32
-1.6482459 14.348286 -2.4749126 62
-1.3768145 14.323297 -2.4590623 32
-1.4871343 14.521966 -2.4954288 34
-1.3212155 16.275831 -2.4789977 30
-0.95363295 18.266216 -2.4277465 43
-1.3826046 18.312061 -2.4479032 2
-1.1191204 18.649673 -2.4808986 31
-1.0584277 18.601854 -2.4729455 35
-3.0755553 -17.590349 -2.3921101 9
-2.9344547 -17.437553 -2.3647354 8
-2.8655818 -17.356571 -2.3506663 8
-2.7282178 -17.185978 -2.3216157 9
-2.8089745 -15.246119 -2.3794255 6
-2.7490423 -15.184703 -2.3668814 7
-2.6284299 -15.049475 -2.3401546 7
-2.5664897 -14.983923 -2.3269744 7
-2.452307 -14.870768 -2.3037586 8
-2.5340385 -13.419369 -2.3629193 8.5
-2.4080617 -13.318389 -2.3380561 8
-2.3537858 -13.251969 -2.3239439 11
-2.2519078 -13.165663 -2.3032703 50
-2.4546151 -12.175417 -2.3957603 10.5
-2.3366704 -12.08458 -2.3708344 10
-2.2436407 -12.002251 -2.3494799 8
-2.1552 -11.938541 -2.331706 8
-2.0667717 -11.870466 -2.3132596 7
-2.2367971 -11.02247 -2.3901918 13
-2.1416619 -10.964255 -2.3712127 15.333333
-2.072155 -10.915195 -2.3562033 12
-1.9689348 -10.828794 -2.3315175 14
-1.849072 -10.74264 -2.3056397 19
-2.1084967 -10.072838 -2.3929915 13
-2.0708988 -10.048792 -2.3846781 14
-1.9969386 -10.004128 -2.3689184 16
-1.8823351 -9.9191484 -2.3414543 13
-1.8457888 -9.8942776 -2.333189 12
-1.7558758 -9.8353567 -2.313405 14.5
-2.0381265 -9.243187 -2.3949144 17
-1.9879704 -9.2203922 -2.3850007 10
-1.9513482 -9.1884956 -2.3744323 16
-1.8519126 -9.1390915 -2.3540585 16.333334
-1.7507062 -9.0826292 -2.3321295 17
-1.6684408 -9.0329475 -2.3136139 16.5
-2.0055811 -8.5261822 -2.3995798 16
-1.9746511 -8.5135889 -2.3933375 16
-1.9107763 -8.4846201 -2.3798044 17
-1.8480632 -8.4510536 -2.3653829 17
-1.7719011 -8.4160442 -2.3493547 17
-1.6426018 -8.3496838 -2.3207843 16.25
-1.5746323 -8.3176146 -2.3065696 17
-1.9430404 -7.8795376 -2.3946111 18
-1.8608251 -7.8427186 -2.3760531 17.666666
-1.7838852 -7.806777 -2.358427 17
-1.73936 -7.7853031 -2.3481307 18
-1.6416615 -7.7436304 -2.3271165 18.5
-1.5856375 -7.7160954 -2.3142271 20
-1.5307759 -7.6919031 -2.3024073 19
-1.9142388 -7.31323 -2.394186 20
-1.8866941 -7.3006487 -2.3874264 19
-1.8312969 -7.2752934 -2.3738899 18
-1.7525617 -7.2515097 -2.3581312 17
-1.6986531 -7.2250552 -2.3446643 15
-1.6443403 -7.1944528 -2.3300934 16
-1.5524113 -7.156148 -2.3093462 15
-0.82210571 7.4960876 -2.3086545 27
-0.79654342 7.475997 -2.3013153 31
-1.3101629 7.587337 -2.3694191 30
-1.2306697 7.5433226 -2.3505993 29
-1.138851 7.5638409 -2.3495321 33.75
-1.0530598 7.5551858 -2.3408585 30
-0.96525311 7.5177011 -2.3240814 33
-0.89340705 7.5063086 -2.3160772 36
-1.5499516 7.6156592 -2.3978183 28.666666
-1.3799453 7.6384449 -2.3896527 29
-1.2503459 8.0874739 -2.352375 28
-1.0729346 8.0099688 -2.3194907 29.5
-1.2863868 8.1517811 -2.3721199 30
-1.1660187 8.1284924 -2.3574367 29
-1.3367457 8.221323 -2.3943372 29.5
-1.0123935 8.61936 -2.3173542 27
-1.2487508 8.7579727 -2.3664865 26.5
-1.1686447 8.7739048 -2.365346 26.5
-1.0777235 8.7084446 -2.3434494 30
-0.98043716 9.2803507 -2.3086252 35
-1.0285766 9.3216572 -2.3207583 31
-1.143912 9.4286842 -2.3518801 32
-1.0826606 9.4091215 -2.3439336 30
-1.4309539 9.5517902 -2.3975306 29
-1.3479167 9.5096598 -2.3826365 31
-0.94454873 10.064376 -2.3043311 28
-1.1460677 10.179224 -2.3388886 25
-1.0406356 10.157154 -2.3288219 26.5
-1.3179632 10.275019 -2.368531 30
-1.2201688 10.26444 -2.3609436 27
-1.4309361 10.389116 -2.3991699 27
-1.3752633 10.339948 -2.3855474 26.5
-1.2752281 10.318293 -2.3753786 27
-1.0637839 11.052891 -2.320776 30.5
-0.95824182 11.026058 -2.3107557 30
-1.1570337 11.119664 -2.3381963 32
-1.2508992 11.333853 -2.3845258 31
-0.94376206 12.146797 -2.3111591 29
-1.0183259 12.282477 -2.3383169 27
-1.0614539 12.337781 -2.349941 29
-1.147999 12.440092 -2.3717997 29
-1.2382578 12.565287 -2.3979704 28
-0.79277706 13.513021 -2.3069353 34
-0.93820792 13.791715 -2.3567915 32
-0.89004105 13.71212 -2.3422885 32
-0.71794397 15.365834 -2.3285081 32
-0.97108817 15.556673 -2.3641505 31
-1.082891 15.770912 -2.39854 35
-0.49876535 17.377392 -2.3030975 33
-1.4462798 17.713348 -2.3757424 1
-0.79141015 17.821894 -2.3672628 31
-0.6420989 17.8459 -2.3657236 29.666666
-2.5971448 -17.04183 -2.2961216 13
-2.531462 -16.963499 -2.2826691 11
-2.3653183 -16.757147 -2.2477784 8.5
-2.2678816 -16.624514 -2.2260249 8
-2.2058814 -16.55283 -2.2136788 8
-2.1438537 -16.476978 -2.2008669 8
-2.3942499 -14.804091 -2.2907686 6
-2.2800548 -14.673995 -2.2654154 8
-2.1440535 -14.540544 -2.2381833 9.5
-2.2006929 -13.11033 -2.2911136 28
-2.1059892 -13.042019 -2.273802 22
-2.0340014 -12.979579 -2.2591138 15.5
-1.9614506 -12.908971 -2.2431922 8
-1.866569 -12.819397 -2.2228546 6
-1.9521215 -11.762331 -2.2861335 7
-1.8407015 -11.648937 -2.2584929 7
-1.7337366 -11.552017 -2.2340889 7
-1.6289371 -11.473977 -2.2131436 9
-1.5889283 -11.447844 -2.2057991 9
-1.7331135 -10.668756 -2.2825398 14
-1.6387548 -10.608402 -2.2638304 16
-1.5438727 -10.535522 -2.2428713 9
-1.6490047 -9.7727833 -2.2915683 13.5
-1.561558 -9.7140665 -2.2723029 14
-1.526527 -9.6880331 -2.2641082 15
-1.4754494 -9.6564789 -2.2535048 16
-1.3908101 -9.6020393 -2.2355845 16
-1.5716946 -8.9773712 -2.2926292 18
-1.4748633 -8.9229546 -2.2720737 18.5
-1.344214 -8.8426867 -2.2431233 17.666666
-1.2247703 -8.7705297 -2.2172031 18
-1.1642591 -8.7336979 -2.2041287 17.5
-1.5151905 -8.2854376 -2.2932446 17
-1.4562814 -8.2527847 -2.2799444 16.5
-1.3962611 -8.2200699 -2.2665873 16
-1.3242424 -8.1810713 -2.250747 18
-1.2523369 -8.1376295 -2.2339637 20
-1.1959977 -8.1070251 -2.2217286 20
-1.1674821 -8.0877295 -2.2146475 18
-1.4334922 -7.6441259 -2.2803869 7.5
-1.3645053 -7.6020293 -2.2627969 18
-1.3381317 -7.5911069 -2.2574434 17
-1.2479873 -7.5440164 -2.236779 19
-1.1774989 -7.5047731 -2.2201233 19
-1.1386596 -7.4854684 -2.211617 17.5
-1.4515443 -7.1188431 -2.2881594 19.5
-1.4130464 -7.0992942 -2.2786896 19
-1.3375294 -7.0710964 -2.2630696 19.5
-1.247695 -7.035727 -2.2442176 18.333334
-1.1658379 -7.0046072 -2.2275577 21
-1.1409678 -6.989305 -2.2209187 21
-1.0699806 -6.9637613 -2.2071357 21
-0.53012884 7.2295308 -2.2154739 28.333334
-0.34573808 7.2520885 -2.2134142 18.666666
-0.23323694 7.2490306 -2.2080142 10
-0.60153455 7.3657022 -2.2584627 29
-0.57894403 7.3678136 -2.2578857 34
-0.7719453 7.4634509 -2.2962277 30
-0.67592335 7.4276981 -2.2803981 34
-0.97662389 7.7548714 -2.2449403 33
-0.81026691 7.7800584 -2.2416434 28
-0.75077391 7.7294884 -2.2247074 29.75
-0.63643938 7.7227874 -2.2168107 34
-0.94172186 7.8621125 -2.2715113 27
-0.86332816 7.8203149 -2.2555478 28
-1.0251882 7.9350319 -2.2963154 31
-0.63795149 8.297574 -2.2169654 27
-0.69672811 8.3817282 -2.2409072 26
-0.81010801 8.4754686 -2.27016 29
-0.75589746 8.4576931 -2.2629132 29
-0.92506659 8.5599375 -2.2975221 30
-0.68849742 8.8836985 -2.2022457 31
-0.73249185 8.9148827 -2.2115326 30
-0.81636274 9.0710554 -2.2517824 31
-0.059260059 9.0764608 -2.2238011 23
-0.87914979 9.1349821 -2.2697248 30
-0.79125512 9.7337103 -2.2265935 28
-0.86435783 9.8720875 -2.2594969 24
-0.90618545 9.9897127 -2.286571 26
-0.85480332 10.811018 -2.2642081 32
-0.66177481 11.833705 -2.2446327 28.666666
-0.73128122 11.965865 -2.2707067 29
-0.87065178 12.093612 -2.2987814 29.5
-0.51948392 12.990603 -2.2140443 31
-0.56408232 13.087269 -2.2309749 33
-0.60643369 13.172067 -2.2459521 35
-0.45903581 14.735483 -2.2307341 33
-0.55788821 14.929608 -2.2613726 31
0.090122588 16.776194 -2.2125394 29
-0.27692011 17.002428 -2.2501316 34
-0.33192256 17.11628 -2.2658346 31
-0.38822412 17.253754 -2.2845438 30
-0.44451916 17.359304 -2.2992926 32
-0.27575034 19.805231 -2.2529216 20
-2.0847118 -16.420605 -2.1905172 11
-2.0240781 -16.348249 -2.1782367 12
-1.9621016 -16.259899 -2.1640329 11
-1.897854 -16.171652 -2.149714 10
-1.8378848 -16.090729 -2.1365356 11
-1.7784297 -16.009581 -2.1233819 10
-1.7182946 -15.916371 -2.1088021 9
2.4472504 -11.915548 -2.1046228 1
2.5640397 -11.905474 -2.1010013 1
2.8638237 -11.929123 -2.10075 0
2.9271269 -11.936302 -2.1011975 0
-1.5490905 -11.421571 -2.198462 8
-1.5089573 -11.391253 -2.190439 6
-1.4500985 -11.353315 -2.179812 6
-1.3911254 -11.311195 -2.1685069 7
-1.3314168 -11.266894 -2.1568284 8
-1.2721245 -11.222314 -2.1451688 8
-1.2333758 -11.19103 -2.1372099 9
-1.1750954 -11.137954 -2.1242566 8.5
-1.1180345 -11.092454 -2.112705 9
-1.0808346 -11.068486 -2.106163 9
-0.98965961 -10.17703 -2.1355517 14
-0.85158753 -10.073435 -2.1068759 12.5
-0.93449765 -9.3199759 -2.1434886 15
-0.84629947 -9.2538815 -2.1237545 14.8
-0.77701813 -9.2051296 -2.1089981 16
-1.1190369 -8.7043591 -2.194001 19
-1.0601305 -8.672574 -2.1823189 19
-0.98430037 -8.6208906 -2.1649728 20
-0.92603767 -8.5843487 -2.1524413 20
-0.86090112 -8.5403194 -2.1378136 19.75
-0.71040875 -8.4430046 -2.1053553 19
-0.75662392 -7.8294511 -2.1196213 18
-0.67707473 -7.7784595 -2.1014917 18
-1.0745463 -7.4541488 -2.1978073 15
-0.72234553 -7.2566972 -2.1175189 18
-0.66227818 -7.2237582 -2.1044011 19.5
-1.0228286 -6.9457645 -2.1977737 20
-0.96244049 -6.9176869 -2.1845074 20
-0.915052 -6.8912883 -2.1729639 19.5
-0.84554303 -6.858686 -2.1578903 20
-0.76379222 -6.8172555 -2.1395006 18.666666
-0.71875966 -6.7990985 -2.1307755 20
-0.67877471 -6.7733412 -2.1204035 20
0.5152089 6.9684305 -2.1342854 3
0.71630102 6.9943724 -2.1372032 16
-0.4682115 7.0921183 -2.1727326 23
-0.096142419 7.069488 -2.151216 5
0.25030023 7.0623322 -2.1406331 11
0.44246173 7.0167589 -2.1503973 7
0.56491256 7.0218449 -2.1484907 3
0.66542923 7.0290895 -2.148272 7
-0.46675602 7.1742859 -2.1964347 26.333334
-0.38646439 7.1866584 -2.1962609 19
-0.13629104 7.1151838 -2.1657794 6.1999998
-0.047961719 7.1233664 -2.1653409 6.25
0.066851608 7.173686 -2.1767426 8.5
0.15048301 7.1394615 -2.1649015 10.666667
0.20834625 7.1169887 -2.1572118 11
0.19137603 7.4997115 -2.1268966 17
0.23631865 7.4603181 -2.1153822 19
-0.20202298 7.5720544 -2.1573353 17
-0.050862495 7.5647888 -2.1504939 15
0.13071525 7.5646172 -2.1457551 17.333334
-0.67526656 7.6278958 -2.19327 34
-0.46028709 7.6726608 -2.1948478 28.25
-0.32210028 7.6514826 -2.1832895 21
-0.28375548 7.6405773 -2.178854 19.333334
0.053750653 7.6470923 -2.1698873 16
-0.26345181 7.9068065 -2.1031356 23
0.10150894 7.9999638 -2.1156993 20
-0.81968904 8.0727034 -2.1699154 42
-0.34174445 8.0194178 -2.1343603 23
0.027813718 8.0346661 -2.1262612 23
-0.52819985 8.1937914 -2.1858828 26
-0.47396818 8.1355457 -2.1689012 28
0.027806468 8.1263933 -2.1493628 20
-0.0232225 8.2785091 -2.1889899 17
-0.29099861 8.5667324 -2.1124132 29
0.051379479 8.5945482 -2.1085818 18
-0.51175135 8.6945505 -2.1505911 30
-0.43544108 8.6298084 -2.1324732 30.571428
-0.34736162 8.6147308 -2.1256089 29
-0.21305193 8.6049223 -2.1186566 29
-0.18813261 8.6642208 -2.1316569 28
-0.16266184 8.7156582 -2.1428299 27
-0.63175571 8.859848 -2.1941514 31.666666
-0.13818765 8.8332272 -2.169457 30
-0.11246912 8.9195738 -2.1887951 25
-0.26638639 9.3603344 -2.1261811 23
-0.064496107 9.3345413 -2.1145267 27
-0.41456166 9.4435568 -2.1491501 30
-0.36735103 9.435524 -2.1457393 32.333332
-0.094872236 9.4552479 -2.1412795 27
-0.63107824 9.5980158 -2.1906533 29
-0.54011756 9.56528 -2.1799753 31
-0.6020782 9.6080055 -2.1916001 32
-0.61897629 10.266805 -2.148072 25
-0.26854488 10.261516 -2.1347401 29
-0.047510132 10.282545 -2.1324275 31
-0.36557856 10.316579 -2.1486917 29
-0.69704312 10.473579 -2.1916442 27
-0.29853639 11.168462 -2.1139536 32
-0.19457391 11.13614 -2.1050889 30
-0.05782862 11.197846 -2.1122935 31
-0.23093717 11.221815 -2.1214223 30
-0.40993592 11.372905 -2.1539037 31
-0.37746522 11.445219 -2.1657376 30
-0.57872844 11.535733 -2.1886282 27.5
-0.48916408 11.526818 -2.183944 32
-0.3885766 12.743198 -2.1702991 31
-0.066531003 13.9608 -2.1094708 26
-0.17601685 14.077989 -2.1290474 30
-0.002194518 14.07226 -2.1237144 29
-0.40640071 14.50361 -2.1961601 32
0.18608484 15.970132 -2.109688 32
0.038179114 16.291874 -2.1533537 79
-0.11381222 16.401834 -2.1708863 31
-0.16675858 16.587662 -2.1954482 33
0.20376736 18.654861 -2.1177704 60
0.495148 18.774073 -2.1240659 30
0.37955731 18.804083 -2.1297863 39
0.15030991 19.355124 -2.1940682 8
-1.8826066 -18.499268 -2.0895808 9
-1.7483493 -18.304731 -2.0623908 7
-1.683552 -18.222954 -2.0504897 7
-1.6154326 -18.133305 -2.0376318 7
-1.5504297 -18.0352 -2.0241389 7
-1.661899 -15.854549 -2.0981188 7
-1.6055186 -15.788575 -2.0869713 7
-1.548822 -15.714494 -2.0748792 7
-1.3263597 -15.444115 -2.0299652 8
-1.273213 -15.384882 -2.0199018 9
-1.3402551 -13.628858 -2.0633054 6
-1.1943669 -13.451659 -2.0304859 36
-1.1045115 -13.383896 -2.0158985 21
-1.2377263 -12.237188 -2.0918028 8
-1.1335273 -12.148187 -2.0715842 6.5
-1.0490785 -12.076546 -2.0553522 9
-0.92833722 -11.981542 -2.0334024 7
-0.8680616 -11.924728 -2.0210757 7
2.661916 -11.906473 -2.0996833 1
2.7617762 -11.914392 -2.0996027 0
3.0037179 -11.925624 -2.0987031 0
3.2898943 -11.940792 -2.0989392 0
3.411813 -11.943837 -2.098788 0
-0.82828468 -11.887986 -2.0130782 8
-0.7868945 -11.855196 -2.0056012 8
-0.92991716 -10.94797 -2.0758584 8
-0.89360809 -10.923372 -2.0693581 8
-0.57049268 -10.657373 -2.0043035 10
-0.55395025 -9.8527775 -2.0465815 9
-0.4577221 -9.7621317 -2.0237868 6.3333335
-0.39293048 -9.7074137 -2.009707 5
-0.36172712 -9.6811514 -2.0029726 5
-0.71580666 -9.159173 -2.0954492 16
-0.67062867 -9.1293068 -2.0863333 17.5
-0.6257053 -9.0992413 -2.0772293 19
-0.55575114 -9.0416718 -2.0609303 18.285715
-0.47578177 -8.9792194 -2.043092 10
-0.68199784 -8.4180241 -2.097806 20
-0.43417591 -8.2357912 -2.0407588 20
-0.62525684 -7.7400646 -2.0885179 19
-0.42294824 -7.6102977 -2.0434754 16
-0.34932661 -7.558435 -2.0262563 15.333333
-0.28745699 -7.5177784 -2.0126143 14.5
-0.25137421 -7.4900045 -2.0037231 14
-0.62550622 -7.2077379 -2.097507 21
-0.60147411 -7.1904478 -2.0912437 20
-0.53122932 -7.1560769 -2.0772786 20
-0.46089193 -7.1223826 -2.0636437 19.333334
-0.41412586 -7.0918283 -2.0525291 19
-0.37998962 -7.0763893 -2.046268 19
-0.55006057 -6.7130184 -2.0937207 15
-0.34341568 -6.6059661 -2.0493464 20
0.95079648 6.5735841 -2.0128083 23.4
0.87417668 6.6398807 -2.0325453 21.333334
0.75079519 6.7641335 -2.0700428 9
0.80590755 6.700068 -2.0507114 16
0.86956418 7.0912066 -2.0271254 20.5
0.92503285 7.0853291 -2.0247271 20.5
1.0427297 7.0640121 -2.0176327 15.333333
0.44208699 7.1637106 -2.0568707 25.4
0.52577329 7.1433048 -2.0488286 24.5
0.65862292 7.1207528 -2.0392551 27
0.7545197 7.120553 -2.037118 23.25
0.83811468 7.1071453 -2.0319362 22
0.92778766 7.102551 -2.029315 17
0.25719085 7.3941965 -2.0971322 20
0.53092617 7.4850988 -2.0013173 24
0.16861016 7.6309919 -2.0213637 24
0.22711788 7.6301069 -2.0199685 27
0.14690983 7.7475858 -2.0511651 21
-0.21331154 7.8584352 -2.0892074 21
-0.18885763 7.8476973 -2.0856762 20
-5.5300808 7.9491539 -2.012346 0
-0.069084048 7.9014497 -2.0954289 17
-5.4446206 8.0571756 -2.0163007 0
-0.024499772 8.1380863 -2.0042317 43
0.12661789 8.2438993 -2.025089 26
-0.25617206 8.3265305 -2.0552859 29
0.077323191 8.5050144 -2.0870821 19
0.13117775 8.8585091 -2.0074253 31
0.049889609 9.0814934 -2.0572121 29
-0.10237262 9.6889267 -2.0173881 31
0.076457791 9.6828928 -2.0115187 36
0.15671809 9.7545185 -2.0237241 32.333332
-0.43747544 9.8298092 -2.0556915 46
0.016549788 9.8632097 -2.0484142 27
-0.01437417 9.9806957 -2.0722823 29
-0.29393998 10.07209 -2.0983744 25
-0.52775085 10.584347 -2.0174911 0
0.061494753 10.631685 -2.0083182 30
0.17681865 10.690393 -2.0160842 27
0.27387011 10.614268 -2.0004339 29
-0.15423994 10.794441 -2.0430288 44
0.24288693 10.701429 -2.0166152 27
-0.089946769 10.988657 -2.0758643 22
-0.26106 11.055461 -2.0926757 33
-0.10261582 11.826473 -2.015168 39
0.22547026 11.827119 -2.0072799 36
0.37115148 11.820515 -2.00319 31
0.1171297 11.974058 -2.0332942 33
0.26390922 11.929302 -2.0228264 34
-0.14437684 12.185188 -2.0737953 35
0.37160197 13.396251 -2.0188832 30
0.33194074 13.472305 -2.0305417 29
0.082747929 13.53794 -2.0455117 29
0.12545089 13.676483 -2.0642333 31
0.32656768 15.571646 -2.0568089 28
0.23093538 15.616504 -2.0645325 36
0.31502053 18.387323 -2.0865617 63
0.5446822 18.466566 -2.0900767 16
-1.4238064 -17.858137 -1.9992936 8
-1.3637668 -17.803009 -1.9903872 9
-1.3051784 -17.763556 -1.9831313 7
-1.2465819 -17.719942 -1.9754792 3
-1.1834433 -17.648539 -1.9648364 1
-1.1201124 -17.513159 -1.9478687 1
-1.0574017 -17.373575 -1.9305364 8
-0.99810404 -17.281458 -1.9181097 8
-0.93899298 -17.181187 -1.904902 7
-0.80855596 -14.824075 -1.9276555 7
-0.74832839 -13.03977 -1.9486254 6
-0.66181237 -12.933417 -1.9293959 6
-0.6198734 -12.899822 -1.9225099 6
-0.55570781 -12.833364 -1.9099855 6
1.9073524 -12.019662 -1.91336 1
-0.74758583 -11.818182 -1.9976257 8
-0.70871651 -11.784986 -1.9902735 8
-0.65018165 -11.721114 -1.9771256 8
-0.13100669 -10.341244 -1.9260075 9
-0.034248058 -10.263246 -1.9077468 17.333334
-0.31552547 -9.6533413 -1.9951195 6.5
-0.26941383 -9.6174765 -1.9857903 6
-0.22362506 -9.5774345 -1.9757361 6.5
-0.1623717 -9.5335598 -1.9641687 5.5
-0.1165643 -9.4950056 -1.954481 4
-0.086791918 -9.4717846 -1.9485537 5
-0.078287289 -8.6397057 -1.9505014 16
-0.044843286 -7.9349184 -1.9509987 16
0.041675553 -7.8714786 -1.9323748 12
0.11556418 -7.8182173 -1.9168348 11.5
0.16349047 -7.7803574 -1.9061013 12.5
-0.21566001 -7.4659204 -1.9957954 13
-0.15671666 -7.4318771 -1.9841858 9.666667
-0.10854138 -7.3927031 -1.9720083 8
-0.073758587 -7.3698778 -1.9645967 8.5
-0.055603594 -6.8724709 -1.9738094 22
-0.044257045 -6.4217372 -1.9799277 19.333334
-0.010852024 -6.3963227 -1.9710389 18
0.049154155 -6.3608007 -1.9580755 21.200001
0.11861213 -6.318512 -1.9429035 20.5
0.16687 -6.2815652 -1.9303784 19
0.22857748 -6.2476344 -1.9182597 18.166666
0.30164513 -6.2010307 -1.9023188 16
1.3613708 6.2478681 -1.920985 18.4
1.248566 6.3352265 -1.9446663 20
1.0548699 6.4877357 -1.98768 25
1.1172801 6.4351554 -1.9725937 24
1.0096785 6.524931 -1.9984839 24
1.4647944 6.666141 -1.9113126 21
1.3701811 6.7630539 -1.9363794 19.666666
1.4201347 6.7102861 -1.9226539 21
1.2590472 6.8573384 -1.9612557 9.8571424
1.3216721 6.8090501 -1.9484444 20
1.1233749 6.9890079 -1.9968779 21
1.207124 6.9029398 -1.9734896 9
1.2842914 7.1928134 -1.9144332 29
1.3869845 7.1761646 -1.9099462 25
1.4161853 7.1501627 -1.9034669 24
0.83600974 7.2885709 -1.9440489 23
0.95059234 7.280623 -1.9399801 31.333334
1.05635 7.2173452 -1.9225924 31.5
1.160078 7.2314281 -1.9249674 35.666668
1.230938 7.2167435 -1.920714 35
0.59335017 7.3976746 -1.9774146 22
0.65925694 7.3638511 -1.9670866 27
0.74207014 7.3762217 -1.9681553 34.25
0.8637768 7.3201985 -1.9514387 25
0.54282337 7.4398637 -1.989555 25.666666
0.63029146 7.415555 -1.9808917 27
-1.0189903 7.6776037 -1.9404781 4
-0.9728741 7.6920094 -1.9410788 0
0.44717276 7.6561003 -1.9056151 29
0.54361087 7.666079 -1.9047074 29
0.26484162 7.7860436 -1.9156044 27
0.19468012 7.8614192 -1.9345173 28
0.21806866 7.8298736 -1.9266993 30
0.27757898 8.7391262 -1.9787602 26.5
0.18474895 8.8072109 -1.9952346 28
0.21181193 8.8068571 -1.9945892 27
0.2800363 9.4924421 -1.9696629 30
0.25390914 9.6264381 -1.9964869 29
0.14109407 10.418914 -1.9684967 32
0.33626658 10.510532 -1.9807018 32
0.14767179 11.341975 -1.9312623 44
0.33077893 11.667351 -1.9794532 33
0.043119535 11.717304 -1.9939184 30
0.20073666 12.971121 -1.9620149 53
0.2416991 13.03009 -1.969501 41
0.94881719 14.329672 -1.9041338 33
0.35477081 14.666002 -1.9432024 79
0.45639768 15.056863 -1.9898373 35
0.030975183 17.505724 -1.9987189 1
-0.90177542 -19.821104 -1.8148931 5
-0.83189338 -19.704493 -1.8016405 5
-0.47176483 -12.75351 -1.8946083 6
-0.41020861 -12.69027 -1.882744 6
-0.36943787 -12.643972 -1.8743142 6
-0.32896149 -12.597543 -1.8658987 7
-0.26900673 -12.539526 -1.8549103 6.5
-0.20734151 -12.481291 -1.843835 6
-0.14848882 -12.422691 -1.832899 6
2.1303928 -11.958391 -1.8983852 3
2.4375558 -11.932431 -1.8875217 3
2.5155146 -11.932561 -1.8859446 1
3.3073344 -11.90779 -1.8703066 2
3.4268208 -11.903024 -1.8684531 1
3.6312294 -11.900628 -1.8665012 1
4.0505414 -11.91597 -1.8668716 0
4.1350379 -11.912306 -1.8661917 0
4.3498287 -11.924589 -1.8679175 0
3.3445942 -11.897445 -1.8684148 2
3.6696513 -11.893052 -1.8651516 1
-0.11227383 -11.213334 -1.8702184 9
0.045529298 -10.214031 -1.895365 14.5
0.094608985 -10.172356 -1.8858606 7
0.14151295 -10.132415 -1.8767996 6
0.18809366 -10.092279 -1.8677536 5
0.24969794 -10.04364 -1.8566104 4.6666665
0.33582839 -9.9686155 -1.8399391 3.4000001
0.40266258 -9.9125538 -1.827455 3
0.4774712 -9.8599348 -1.8153051 1.5
0.34526196 -9.1124363 -1.8603153 1
0.39969045 -9.0591145 -1.8479624 1
0.42676961 -9.0342932 -1.8421619 1
0.47999421 -8.9765539 -1.8291272 1
0.54817128 -8.9195299 -1.8157077 1.5
0.61334389 -8.8542662 -1.800957 2
0.34156486 -8.3045979 -1.8615501 18
0.36656353 -8.2839546 -1.8562516 17
0.44076538 -8.2215481 -1.8403934 15.666667
0.52798903 -8.1556702 -1.823472 11.5
0.58762872 -8.0986271 -1.8095529 10
0.61170357 -8.081152 -1.8051054 8
0.1992175 -7.7542167 -1.8986092 11
0.24703825 -7.7229533 -1.889486 13.666667
0.29488909 -7.6888266 -1.8797752 12
0.35649776 -7.6393609 -1.8661551 12
0.44498655 -7.5742869 -1.8481114 12
0.5128454 -7.5172663 -1.8328547 10.5
0.56810319 -7.4702702 -1.8204228 11
0.62412977 -7.4306378 -1.8097043 10.5
0.27636838 -7.1401582 -1.8922108 14
0.31991854 -7.1150708 -1.8843495 14
0.36263669 -7.0819197 -1.8746369 16
0.43821862 -7.029108 -1.8590145 18.5
0.49074665 -6.9926033 -1.8483313 16
0.55360496 -6.954824 -1.8371253 11
0.6155687 -6.9009433 -1.8221788 3
0.64645529 -6.8825359 -1.8168371 4
0.71630591 -6.8248959 -1.8010143 11
0.28044388 -6.6469417 -1.8991696 15
0.32056063 -6.6180515 -1.8900549 11.5
0.37010217 -6.5787573 -1.8779299 18.5
0.46032578 -6.5256281 -1.8609662 18.75
0.53869009 -6.4741774 -1.8451011 19
0.61591977 -6.4227347 -1.8295418 19
0.67285234 -6.3859444 -1.8185525 10.5
0.72980499 -6.344707 -1.8065457 14.5
0.35172769 -6.1663003 -1.8907776 18.333334
0.42350465 -6.1207952 -1.8756161 20.5
0.46921802 -6.0904875 -1.8657336 20.5
0.53042787 -6.0520535 -1.8532634 14.333333
0.59536552 -5.9984312 -1.8366307 13
0.64917266 -5.9657454 -1.8263322 14
0.72848964 -5.9140949 -1.8104093 21
0.77118564 -5.881556 -1.8006672 19
1.9490843 5.7738571 -1.8050327 22.666666
1.7818829 5.8849163 -1.8291442 14.5
1.8380386 5.8484282 -1.8210902 16.666666
1.6659662 5.9842863 -1.8531225 19
1.7248571 5.930378 -1.8398798 18.6
1.5948073 6.0340199 -1.8651142 15
1.6124426 6.0250049 -1.8630369 15
1.4754534 6.143374 -1.8932451 16
1.5144531 6.111979 -1.8851601 16
1.8668896 6.2847095 -1.8185015 18.5
1.7910188 6.3505726 -1.8336878 11
1.6747411 6.4699669 -1.8624543 15.333333
1.7341716 6.4116607 -1.8483568 12
1.5715903 6.5694904 -1.8869739 20.333334
1.6422613 6.5096116 -1.8722821 17
1.5187377 6.6173549 -1.898942 21
1.8734022 6.7741027 -1.8148817 24
1.9709462 6.7548666 -1.8120494 20
1.8451855 6.8328791 -1.8287206 17.5
1.9295863 6.8061643 -1.8236547 18
1.6334519 6.9882345 -1.864266 23
1.7636509 6.9544897 -1.8572526 9
1.5429397 7.0940123 -1.8897946 22.5
1.637339 7.032589 -1.8752133 18
1.7453436 7.0559716 -1.8818715 10
1.4553518 7.1177926 -1.8954685 25
1.5389981 7.3454657 -1.8132514 33
1.0650569 7.4834037 -1.8494378 35
1.1347369 7.4220352 -1.8341614 31
1.2253213 7.4584961 -1.8414088 30
1.3100216 7.4607286 -1.8410283 34
1.4482653 7.4230785 -1.8313763 33
0.73358232 7.571064 -1.8769431 35.666668
0.84223896 7.5425019 -1.8675836 32.333332
0.93890268 7.5454302 -1.8661581 31
1.0166798 7.50664 -1.855653 37
0.61146033 7.6189427 -1.8915644 29
0.14417584 7.7061405 -1.8994209 29
-5.5858922 7.9719186 -1.84887 0
0.56706727 7.9745378 -1.8302963 30
-5.5481973 8.033577 -1.8520291 0
-5.4614444 8.0597925 -1.8445821 0
0.097866155 8.0920525 -1.8437483 39
0.49085656 8.052577 -1.8497767 29
0.52197045 8.0292711 -1.8436445 35
-5.4656062 8.1191835 -1.8527914 0
0.78823555 9.4761152 -1.8040491 26
0.59427351 9.6505394 -1.8425019 29
0.68248159 9.6397457 -1.8372045 31
0.74230301 9.6148605 -1.8305473 28
0.81058258 10.747443 -1.8386207 28
0.74287623 11.056581 -1.8911556 30.4
1.0585876 11.976487 -1.8143349 28
1.1033636 11.925579 -1.8053385 26
0.96786726 12.077827 -1.832382 26
1.0003992 12.023155 -1.8232665 27
0.93846178 12.191758 -1.8498942 27
0.90722138 12.269932 -1.8623643 28
-0.035950087 12.381049 -1.8836387 1
0.0021922993 12.393233 -1.8844107 0
1.2369398 14.038279 -1.8555272 32
1.1591928 14.149172 -1.8726275 33
1.0740747 14.220289 -1.8850816 33
1.3704072 15.963503 -1.8113167 33
1.2913256 16.226233 -1.8431287 33
1.2029148 16.38529 -1.8641671 32
1.1563392 16.444813 -1.8726434 33
1.1122696 16.503986 -1.8809911 33
0.31540707 18.936405 -1.8157709 1
1.7379129 19.241623 -1.813609 48
-0.76692176 -19.60742 -1.7902601 8
-0.70279813 -19.518099 -1.7795715 7
-0.63833696 -19.396688 -1.7662621 5
-0.54394716 -19.248024 -1.7491771 6.5
-0.45114672 -19.114889 -1.7334715 7
-0.38986543 -19.016569 -1.7222699 7
-0.32583049 -18.914118 -1.7106037 7
-0.174738 -16.10778 -1.7577982 10
-0.19333731 -13.939469 -1.791171 7
-0.10596278 -13.817286 -1.7724178 6
-0.062858976 -13.750028 -1.7623737 7
-0.020155106 -13.686606 -1.7528129 7
0.022132928 -13.619076 -1.7428085 7
0.064112477 -13.563334 -1.7342103 7
0.10823123 -13.515388 -1.726432 7
0.1704815 -13.455145 -1.7163517 7.5
0.23212726 -13.390674 -1.7058364 6
0.43468142 -11.872826 -1.7306576 7
0.50583291 -11.806536 -1.7185541 6
0.54110509 -11.773232 -1.712517 6
0.61104804 -11.706303 -1.7004712 6
0.44770688 -10.736374 -1.7708035 12
0.55933249 -10.631505 -1.750038 16
0.67158842 -10.538553 -1.7312412 21
0.76435578 -10.454936 -1.7148254 18
0.80945146 -10.40396 -1.7053266 16
0.56529039 -9.7684479 -1.7961228 1
0.66558433 -9.6626854 -1.774182 1
0.76298094 -9.5573025 -1.7526054 1
0.80575973 -9.5122604 -1.7434006 1
0.8603093 -9.4560204 -1.731922 1
0.93202907 -9.3580399 -1.7128624 4.25
0.66390043 -8.7915115 -1.7873106 3
0.71582878 -8.7519741 -1.7780324 5
0.77561992 -8.6876955 -1.7639169 7.6666665
0.817792 -8.6522713 -1.7558678 5
0.89166462 -8.5778084 -1.7395561 4
0.94170713 -8.5348616 -1.7299955 3.5
0.98992395 -8.4799795 -1.7183067 4
1.0493456 -8.4193478 -1.7053077 3.5
0.65966594 -8.0400333 -1.795006 8
0.7768091 -7.9391174 -1.7704964 8
0.85709596 -7.8659029 -1.7530975 8
0.91358727 -7.8122458 -1.7405367 9
0.95815796 -7.7733335 -1.7314069 9.5
1.0330297 -7.7117295 -1.7169667 9.333333
1.0796214 -7.6625147 -1.7058443 9
0.67993057 -7.3944578 -1.7998719 12
0.73834747 -7.3398433 -1.7859576 11.75
0.85093641 -7.2520289 -1.7633798 13.25
0.94510329 -7.180479 -1.7452345 7.5
1.0375093 -7.1007156 -1.7256368 5
1.0875318 -7.0576982 -1.7152023 3.5
1.1382012 -7.0141454 -1.7047335 6
1.1582023 -6.9990115 -1.7010851 7
0.73682606 -6.8149199 -1.7980856 11
0.78760952 -6.7779808 -1.7879515 11.5
0.8467344 -6.7356539 -1.7764468 12
0.89519507 -6.6980658 -1.7664255 10
0.99227059 -6.6255083 -1.7473152 4
1.0105755 -6.6070199 -1.7426023 7
1.0574377 -6.5662355 -1.7321827 7
1.1139898 -6.5234013 -1.7212679 4
1.1677809 -6.4725351 -1.7085989 4.5
0.76718241 -6.320889 -1.7995836 16
0.86101639 -6.2497292 -1.7794901 11.875
0.91251951 -6.2078485 -1.7678769 9
0.96003079 -6.1732669 -1.7583652 6.6666665
1.0283558 -6.1211586 -1.7442439 13.5
1.0795895 -6.0769944 -1.7325087 17
1.1313964 -6.0361052 -1.7217567 11
1.1821234 -5.9928818 -1.7105497 8
1.2153296 -5.9645319 -1.7032769 14
0.78857392 -5.8715062 -1.7976204 20
0.87477428 -5.8145933 -1.7807962 20
0.94981289 -5.7569685 -1.7642604 19.75
1.0080262 -5.7169247 -1.7529079 20
1.0624815 -5.677031 -1.7418331 20.666666
1.1381326 -5.6218777 -1.7267869 20
1.174944 -5.5933394 -1.7191324 21
1.2320619 -5.5437007 -1.7059622 13.6
2.3824809 5.2998905 -1.7016258 13
2.3313456 5.3618898 -1.7146034 12.5
2.2465885 5.4512014 -1.7330379 10
2.1730351 5.5402002 -1.7526283 10
2.0593815 5.6592941 -1.7788477 18
1.9865284 5.7453389 -1.7988617 17
2.4415863 5.7575245 -1.7079687 11.333333
2.29299 5.8940592 -1.734506 18
2.3427427 5.8597593 -1.7283207 16.75
2.4030194 5.801374 -1.7167972 10
2.1747212 5.9742589 -1.7494717 12
2.2339611 5.9243636 -1.739424 14.285714
2.0849273 6.0739231 -1.7712814 19
2.1336319 6.0221238 -1.759959 18.799999
1.9898109 6.1689835 -1.7923015 18
2.0378397 6.1236272 -1.7822946 20
2.4255409 6.2435799 -1.7038403 15.5
2.3321779 6.3517528 -1.7257588 17
2.1922758 6.4949894 -1.7551364 20
2.2334883 6.4511175 -1.7459755 16
2.1452045 6.5540643 -1.7678987 20
2.4931557 6.7961512 -1.702826 14
2.4326925 6.8703957 -1.7174664 19.333334
2.3661745 6.933557 -1.7296771 12
2.2697411 7.0863986 -1.7613945 11
2.3215046 7.0584488 -1.7562737 11
1.5665275 7.1648769 -1.7719433 27.5
1.797346 7.1775756 -1.7755631 31
1.9609575 7.1949778 -1.7809267 24.5
2.0529647 7.1690607 -1.7762156 20.4
2.1649098 7.15734 -1.7752925 11.714286
2.2396102 7.141748 -1.773124 11
1.6321712 7.2315483 -1.7871977 29.5
1.7554852 7.2288766 -1.7869791 28
1.9514444 7.2038946 -1.7828166 26
1.675163 7.4712214 -1.7022926 29
1.5562379 7.5991001 -1.7298398 30
1.6404407 7.5358233 -1.7160139 32
0.97911555 7.6875453 -1.7570816 32
1.0128503 7.6688089 -1.7523406 32.5
1.3499163 7.6854353 -1.7501552 30
1.4627576 7.6630363 -1.7441487 27
1.5378327 7.6271853 -1.7359065 31
0.75470871 7.7554255 -1.7773353 28.5
0.83387095 7.763298 -1.7768518 27.666666
0.93501854 7.720005 -1.7650471 28.333334
1.1446384 7.7401662 -1.7649921 29.333334
1.2435205 7.7128868 -1.7574981 34.5
1.3778068 7.7000241 -1.752906 26
1.4175169 7.704195 -1.7533351 29
0.6019786 7.8143101 -1.7946314 31
0.58015412 8.1868324 -1.727469 31
0.65001696 8.1529226 -1.7183826 24.200001
0.72088808 8.1657391 -1.7185687 24
1.177102 8.1736374 -1.707814 28
1.2545102 8.1589727 -1.7033329 33
0.55646616 8.2085133 -1.7325906 24
0.85013652 8.2700491 -1.7351327 31.333334
0.96441233 8.2341805 -1.7248574 31.5
1.0520153 8.208292 -1.7175246 29.5
1.1305914 8.2086897 -1.7157164 27
0.80386746 8.3188744 -1.7461131 24
1.3698114 8.9993439 -1.7018876 31
1.1751728 9.0532341 -1.7164108 27
1.0797335 9.1935396 -1.7441235 31
1.129584 9.135211 -1.7322847 26
1.0419993 9.2440319 -1.7542584 28.5
0.89480251 9.3663063 -1.7807584 32
0.95161533 9.348073 -1.7756585 27
1.2542546 10.036919 -1.7089614 29
1.0766678 10.156451 -1.7338543 29
1.1248586 10.11081 -1.7249283 31
1.0064198 10.379132 -1.7720917 31
0.85479844 10.497553 -1.7966449 34
1.4776787 11.37746 -1.7137854 26
1.5462016 11.351625 -1.707896 26
1.6182457 11.348858 -1.705245 28
1.4144664 11.442117 -1.7251021 27
1.3874805 11.50964 -1.7356565 26
1.3344237 11.676188 -1.7612796 31
1.2342479 11.763959 -1.7773749 29
1.1289854 11.819363 -1.7891567 28
1.2022405 11.80745 -1.7847588 28
1.5727366 13.063442 -1.7202352 28
1.4422841 13.19764 -1.7418805 40
1.524629 13.187663 -1.737569 29
1.366434 13.262314 -1.7528768 42
1.3674377 13.633759 -1.7995191 33
1.6818731 15.222546 -1.7184429 31
1.7319033 15.236594 -1.7179906 31
1.5800152 15.594496 -1.7627306 31
2.1827548 18.446817 -1.7227304 32
1.8492259 18.869997 -1.7750753 28.5
1.9974759 18.862032 -1.7680706 33
2.0549579 18.843475 -1.7639772 34
1.7699087 18.966211 -1.7872107 21
-0.26573357 -18.807419 -1.6988084 7
-0.20629188 -18.700529 -1.6870452 8
0.58735192 -15.002641 -1.6110231 0
0.63064194 -14.925172 -1.601346 0
0.27283442 -13.346199 -1.6986905 7
0.31327242 -13.3016 -1.6915572 7
0.37330559 -13.232471 -1.6806555 8.5
0.44845498 -13.154609 -1.6680651 7.6666665
0.51362646 -13.076689 -1.6559743 6
0.59089601 -12.985919 -1.6418809 6
0.62890059 -12.936394 -1.6344012 7
0.70352334 -12.829072 -1.6185818 21
0.74334633 -12.787018 -1.6119369 27
2.968641 -12.049988 -1.6728702 0
2.7805843 -11.939754 -1.6621777 3
3.057574 -11.929428 -1.6555704 1
3.1612177 -11.935353 -1.6545725 2
3.2214324 -11.935757 -1.6536467 2
3.4607952 -11.926661 -1.6489524 2
3.5624752 -11.919555 -1.6467204 2
3.7240834 -11.913893 -1.6441069 2
3.8254502 -11.9027 -1.6416231 1
4.8005199 -11.901226 -1.6362972 0
5.2081103 -11.924402 -1.6395513 0
5.3184404 -11.971442 -1.6456627 0
4.2387199 -11.88884 -1.6366122 1
4.3626466 -11.882138 -1.6351093 1
4.4067988 -11.887061 -1.6355292 1
4.646472 -11.893815 -1.6356034 0
4.8634624 -11.892865 -1.6352293 0
0.68247235 -11.642796 -1.6888813 9
0.74955976 -11.559155 -1.6748431 7
0.85014093 -11.452858 -1.6564488 7
0.96032351 -11.32869 -1.6354331 8
1.0312696 -11.254793 -1.6227897 8
1.1415861 -11.124551 -1.6012238 9
0.87173057 -10.347343 -1.6943573 14
0.96015638 -10.252131 -1.676646 14
1.0201237 -10.206599 -1.6675936 16
1.0786762 -10.152853 -1.6574072 13
1.1090372 -10.121727 -1.6516569 11
1.1801406 -10.047955 -1.6381221 5.5
1.2597563 -9.9266148 -1.6172292 5.5
1.3448616 -9.8455658 -1.602376 5
1.0358533 -9.2816982 -1.6965373 1
1.1003191 -9.2087536 -1.6821992 1
1.1511261 -9.150816 -1.6708997 1
1.2025311 -9.1004877 -1.6609108 1
1.3440439 -8.942318 -1.6304601 1
1.437916 -8.8364925 -1.6103628 2
1.1084613 -8.362215 -1.6930619 4
1.2367032 -8.2328978 -1.6658349 4
1.2928281 -8.1725264 -1.6533632 4
1.3390641 -8.1271763 -1.6439824 4
1.3820753 -8.0741215 -1.6332836 5
1.4377111 -8.0224409 -1.6226801 5.5
1.492552 -7.9624038 -1.6106358 3
1.5159847 -7.949976 -1.6079606 2
1.1222422 -7.6207547 -1.6964037 9
1.1862378 -7.5634789 -1.6834497 9.5
1.2391508 -7.5093327 -1.6714612 10
1.260657 -7.4938393 -1.6679412 10
1.311542 -7.4413228 -1.656456 7
1.3739525 -7.3862152 -1.6443822 9.5
1.4415504 -7.3253875 -1.6312315 6.1999998
1.4864029 -7.2884464 -1.6232814 8
1.5466154 -7.2337875 -1.6117146 11.5
1.1972513 -6.964726 -1.6929581 8
1.2358826 -6.9301949 -1.6848509 9
1.2742147 -6.8955064 -1.6767583 7
1.3117874 -6.8526812 -1.6669488 5
1.3650188 -6.7865129 -1.6519517 10
1.4418831 -6.7459359 -1.6426176 6.8333335
1.5491707 -6.6536188 -1.6221435 9.25
1.6234858 -6.5817075 -1.6065294 6.75
1.2230198 -6.4267406 -1.6972729 9.5
1.3294156 -6.3340621 -1.6748192 10.5
1.374179 -6.2987356 -1.6663849 9
1.4516397 -6.2314568 -1.6505989 8.5
1.5714327 -6.1246347 -1.6262443 12.428572
1.6339798 -6.069726 -1.6140264 11.428572
1.2754409 -5.9242878 -1.6931083 17
1.3580248 -5.8582897 -1.6767142 8
1.4541484 -5.7733979 -1.6561422 18
1.5858126 -5.6522255 -1.6276741 16
1.6169513 -5.6272936 -1.622041 14.5
1.2696109 -5.5087872 -1.6967854 16
1.6771488 -5.5711775 -1.6093593 8
1.7132814 -5.5318561 -1.6004312 7
1.3339732 -5.4623585 -1.6849799 15.25
1.4752525 -5.3476582 -1.6566117 21
1.5191405 -5.311336 -1.6478933 19
1.5558512 -5.2826385 -1.6411624 19.5
1.6203389 -5.2249255 -1.6276115 18
1.681776 -5.1703568 -1.6151172 19.666666
1.7209371 -5.1351056 -1.6071792 19.666666
2.7359488 4.8380919 -1.611027 10.5
2.6539395 4.9529734 -1.632761 10.6
2.5769331 5.0576138 -1.6530809 12.714286
2.4783602 5.1866455 -1.6788139 11
2.5138016 5.1383476 -1.6689426 10.5
2.4267864 5.2443371 -1.6901466 12.5
2.8390722 5.2463012 -1.6099094 10.666667
2.7650833 5.3447289 -1.627848 10
2.682338 5.4587312 -1.6494297 9.666667
2.581321 5.5829129 -1.6730653 11
2.6259234 5.5329089 -1.6636966 11.75
2.4993503 5.6817288 -1.6924326 10
2.5449848 5.6314812 -1.6827548 8.75
2.9591062 5.6721148 -1.6009281 6
2.4866922 5.7003503 -1.6963066 18
2.8885071 5.7671852 -1.6177673 6
2.8352308 5.8413177 -1.6313072 7.3333335
2.7577217 5.932363 -1.6475964 7.25
2.5826755 6.0814056 -1.6729211 11.5
2.662791 6.0332899 -1.6657414 11.5
2.4615982 6.1950278 -1.6939515 12
2.5224485 6.1268873 -1.6807082 13.5
2.8974688 6.2809739 -1.6069245 16
2.8409832 6.3495498 -1.6189641 14.333333
2.7629261 6.4575734 -1.6387808 14.5
2.6837354 6.5530887 -1.6562662 15.25
2.5872571 6.6664672 -1.6774471 19
2.6266108 6.616477 -1.6679258 13
2.5084338 6.773488 -1.6983138 16
2.992327 6.9093499 -1.6074393 19
3.0004842 6.9831762 -1.6222878 22
2.8346565 7.1740093 -1.6552765 17
1.9856154 7.255197 -1.65759 28
2.44965 7.2888036 -1.6699394 27.333334
2.5712461 7.2663932 -1.667662 23.75
2.634115 7.2505288 -1.6657642 15
2.75984 7.2357326 -1.6657155 11.571428
2.9351542 7.2128792 -1.6658584 17
3.0531976 7.2454062 -1.6758858 21.5
1.5716265 7.3546214 -1.6781858 33
1.9224428 7.3618889 -1.6794866 25.200001
2.0873511 7.3437471 -1.6766682 25
2.1969457 7.3716297 -1.6834388 26
2.2038412 7.3159776 -1.6720369 25
2.3784032 7.3038721 -1.6718547 30
1.5679044 7.4398894 -1.6961769 31
1.754593 7.4287553 -1.6932235 29
1.8480871 7.4234695 -1.6921449 28
1.9685944 7.4476213 -1.6975119 28
1.489944 7.6684952 -1.6040423 28
1.5916278 7.6746221 -1.6040592 32
1.4954915 7.8079185 -1.6309936 29
1.4221091 7.9509387 -1.6598086 31
-5.6179481 8.0130119 -1.6843069 1
-5.5154386 8.0807543 -1.6802232 1
1.3909836 8.0529203 -1.6801429 29
-5.5148263 8.186965 -1.6923326 0
1.2984548 8.1136036 -1.6936132 29
1.3723059 8.1349974 -1.6964402 28.333334
-5.4896536 8.2042627 -1.6914687 1
1.641291 8.5036469 -1.6087164 25
1.5773122 8.8782959 -1.6759899 31
1.2453249 8.9083433 -1.6887758 25.25
1.3667762 8.9818182 -1.6988554 28
1.4639469 8.9365025 -1.6886266 32.666668
1.7804343 9.4565363 -1.6025825 30
1.4623978 9.5670376 -1.627774 31
1.3201309 9.7434168 -1.6599323 30
1.4273081 9.7329969 -1.6552405 31
1.2891111 9.8458109 -1.6772516 31
1.8803347 10.71941 -1.6082566 27
1.7901289 10.88684 -1.6344662 24
1.8498379 10.831872 -1.625018 26
1.7744915 10.994172 -1.6501505 27
1.6772181 11.267445 -1.6918523 29
1.7432953 11.220557 -1.683225 30
2.0513756 12.357716 -1.6159079 31
2.1204085 12.301022 -1.6067257 29
1.9833183 12.421933 -1.6260397 26
1.9436278 12.539306 -1.6419542 28
1.8638245 12.678864 -1.6619867 30
1.8286576 12.712443 -1.6673567 32
1.6488268 12.871005 -1.693391 33
1.8019363 12.800866 -1.6793133 31
1.7362269 12.906865 -1.6948255 32
1.9922154 14.386692 -1.616423 31
1.9555577 14.448319 -1.6244143 30
2.0549319 14.494056 -1.6256868 31
1.8384163 14.597181 -1.6448579 42
1.894146 14.661902 -1.6497296 28
1.9381717 14.643732 -1.6461184 29
1.8042912 15.035096 -1.6934179 32
2.5798883 17.594872 -1.6298332 39
2.489131 17.737501 -1.6462541 33
2.396116 17.875723 -1.6624234 33
2.2910151 17.938457 -1.672304 39
2.2548814 18.092024 -1.687663 32
0.62344444 -17.39069 -1.5393031 7
0.72554982 -17.247023 -1.5227733 7
0.77524847 -17.161024 -1.5134362 6
0.73705965 -14.736897 -1.5778335 0
0.80094206 -14.645849 -1.5659325 3
0.88764632 -14.529145 -1.5505115 3
0.92835361 -14.458764 -1.5417489 1
1.0075775 -14.305752 -1.5231484 1
1.0699687 -14.243288 -1.5142753 1
0.81772482 -12.702827 -1.5989093 26
0.87384278 -12.653259 -1.5907435 7
0.96473914 -12.549002 -1.5747902 6
1.0009136 -12.510279 -1.5687883 6
1.0397547 -12.479187 -1.5635793 6
1.1574594 -12.344993 -1.5432476 6.6666665
1.2333642 -12.263758 -1.5308247 8
1.3374572 -12.138844 -1.5123322 7.5
1.1732938 -11.093333 -1.5958886 9
1.2362297 -11.014649 -1.5831105 10
1.2673328 -10.983161 -1.5778042 10
1.3274717 -10.908119 -1.5656964 11
1.3579855 -10.876377 -1.5604184 12
1.4163015 -10.796913 -1.5478672 10
1.5634693 -10.620188 -1.5196086 14
1.5905485 -10.576036 -1.5129021 14
1.6490591 -10.518867 -1.5035304 20
1.3858879 -9.8039217 -1.5948746 4
1.451538 -9.7556753 -1.5857185 3
1.5775129 -9.6265697 -1.5628549 1
1.6276956 -9.5599461 -1.5515685 1.5
1.7415324 -9.423172 -1.5283048 1
1.8159742 -9.3324823 -1.5130652 1
1.8506134 -9.2792568 -1.5043709 1
1.4970664 -8.7686291 -1.5976195 2
1.5203084 -8.7405949 -1.5924084 1
1.5806527 -8.6857538 -1.5819504 1
1.6387104 -8.6147327 -1.5689218 1
1.763658 -8.4771385 -1.5437465 1
1.86472 -8.365139 -1.5235858 1
1.9607871 -8.2491474 -1.5031123 1
1.602556 -7.8687539 -1.5917014 2
1.6764878 -7.7889338 -1.5760834 2
1.7796315 -7.6832275 -1.5556329 2
1.8712738 -7.5864654 -1.5373111 2
1.9197311 -7.5296464 -1.5267186 2
1.9700241 -7.4786267 -1.5172662 1
2.0163937 -7.4322791 -1.5087515 1
1.6459922 -7.1474829 -1.5936923 7.5
1.7604743 -7.0333161 -1.5705172 2
1.9288754 -6.8599896 -1.536387 2
1.9962597 -6.7861953 -1.5221943 2
2.0601897 -6.7260165 -1.5108714 2
1.7689279 -6.4459567 -1.5779232 8
1.8464292 -6.3631043 -1.5608429 7.3333335
1.9609443 -6.2488785 -1.5379411 5.5
2.0440211 -6.1635442 -1.5212352 6.5
2.1289113 -6.0716295 -1.5035604 5
1.7663168 -5.9450049 -1.5869265 13
1.8064394 -5.9086041 -1.5792209 14
1.8550582 -5.8581066 -1.5685631 14.666667
1.9590316 -5.7529616 -1.5469056 15
2.0569293 -5.6514983 -1.5266277 13.2
2.1538274 -5.5514584 -1.5072507 8.5
1.7727494 -5.4764605 -1.5882932 16
1.8301393 -5.4207621 -1.57626 16
1.8708582 -5.3830476 -1.5683162 15.4
1.9255718 -5.3299212 -1.5572295 15
1.9805505 -5.280827 -1.5473462 15
2.0331142 -5.2275205 -1.536571 16
2.0823126 -5.1768122 -1.5264732 17
2.13537 -5.1194739 -1.5151663 16.333334
1.7869552 -5.0723786 -1.5931892 17
1.8306217 -5.028029 -1.5833985 18
2.174782 -5.0775461 -1.5070853 15.5
2.2159293 -5.0428414 -1.5009437 15
1.8876295 -4.9781132 -1.5729325 17
1.9337372 -4.9354916 -1.5641006 18.333334
1.9847348 -4.8840523 -1.5533972 20
2.0457239 -4.8274312 -1.5421877 21
2.0813992 -4.7911811 -1.5349672 23.5
2.1357543 -4.7332978 -1.5235513 21
2.1854286 -4.6808677 -1.5134573 22
2.2297256 -4.6356506 -1.5050778 12
3.0999432 4.2765265 -1.5129898 8
3.121572 4.2444544 -1.5081055 9.8000002
3.0399313 4.376358 -1.5294893 8.5
2.9827335 4.4704075 -1.5455168 9.75
3.0155485 4.4153585 -1.535989 9
2.9303484 4.5507369 -1.5592725 8.5
2.8637335 4.6512651 -1.5769322 9
3.1727915 4.6811495 -1.5092106 9
3.2005012 4.6423206 -1.5033598 13
2.7868152 4.763598 -1.5971315 9.5
2.8177319 4.7308607 -1.5919788 9
3.1330271 4.7530332 -1.5214128 15.333333
3.0698273 4.8626471 -1.540254 13.666667
3.1030123 4.8142142 -1.5323365 13
2.989105 4.9876289 -1.5616659 13
3.0214629 4.9373112 -1.5529246 13.5
2.9594672 5.0508437 -1.5737721 9.666667
2.8905907 5.1734724 -1.5967547 14
2.9230399 5.1257982 -1.5882032 8.5
3.2773452 5.1578684 -1.512476 11.5
3.2322798 5.2466025 -1.5277042 10.75
3.1645892 5.3578315 -1.5463591 10
3.0931315 5.4662213 -1.5646304 7
3.1177311 5.431169 -1.5587733 7.5
3.0446968 5.5494905 -1.5795081 6.5
2.9780824 5.6379886 -1.5945789 6
3.3749793 5.6786366 -1.5095067 6
3.4148257 5.6237488 -1.501235 5.5
3.336503 5.7410951 -1.5195398 5.3333335
3.2822282 5.8258023 -1.5332291 5.5
3.1796033 5.9654512 -1.5556288 6
3.2266171 5.9113884 -1.5472878 6
3.0931561 6.0946088 -1.5775414 7
3.1208258 6.0562043 -1.5710721 6.3333335
2.9923692 6.1818743 -1.5905704 11
3.0403051 6.1574621 -1.5878754 6.5
2.961894 6.2167816 -1.5964189 13.5
3.3989379 6.2908459 -1.504608 17
3.412545 6.2696538 -1.5012798 15
3.3584523 6.3559675 -1.5149939 16
3.2865429 6.4594564 -1.5314063 11
3.1951749 6.5818415 -1.551017 15
3.2360418 6.5285993 -1.5424773 12.666667
3.153152 6.6510363 -1.5627356 15
3.0828092 6.7592793 -1.5811331 19.5
3.0265553 6.8441176 -1.5957541 18.5
3.5073211 6.983902 -1.5005929 19
3.3892281 7.0221 -1.5033151 21
3.4931793 7.1153169 -1.5233041 18
2.4713936 7.2982326 -1.5330783 28
2.9705207 7.2295198 -1.5290046 23
3.5980582 7.2609096 -1.552632 17
2.5648789 7.3732538 -1.5482428 31.5
2.8884382 7.3812599 -1.5550287 27
2.9559178 7.3811088 -1.5563747 29
3.0687759 7.3286738 -1.5493395 24
3.1458595 7.3441992 -1.5540473 28
3.2210083 7.3275871 -1.5529935 27.5
3.3416996 7.3358307 -1.5578613 17.333334
3.4436228 7.3117576 -1.5565977 13.333333
2.4672284 7.4645219 -1.5641222 29.5
2.6960032 7.4042921 -1.5558723 24
2.7798004 7.4141288 -1.5590672 27
1.7526324 7.583179 -1.5851123 31.25
1.8386984 7.5522122 -1.5787308 27
1.9193006 7.5695677 -1.5817882 28
2.0587599 7.5482316 -1.5776318 27.333334
2.1695168 7.5880332 -1.5854013 31.5
2.2618387 7.5925398 -1.5866251 28
2.4422386 7.5043721 -1.5713382 32
1.5218284 7.6436157 -1.5988363 23.5
1.6557193 7.6276865 -1.5943984 30.5
-5.6235294 8.0694218 -1.5184387 2
-5.5226665 8.0872536 -1.5096627 1
-5.4955468 8.1013012 -1.5082463 2
2.0143824 9.2725163 -1.5689521 35
1.5347934 9.3781815 -1.595763 30
1.6723831 9.3850451 -1.5935889 32
1.9490561 9.3521175 -1.5826981 32.75
1.729653 9.41152 -1.5965258 28.333334
1.8262091 9.4310141 -1.5975819 31
2.2555425 10.168501 -1.5216649 26
2.3542438 10.153088 -1.5175259 27
2.1738555 10.248313 -1.5346109 28
2.4444203 10.24107 -1.5281353 4
2.0910158 10.481441 -1.5693361 30
2.1347835 10.447744 -1.5635719 29
2.0667193 10.527048 -1.5763476 28
1.957139 10.67046 -1.599322 27
2.5809729 11.543681 -1.5002586 27
2.5645058 11.79631 -1.5318242 32
2.4231622 11.856111 -1.5428855 29
2.5303972 11.816259 -1.5351539 30
2.3608875 11.926157 -1.5532424 28
2.2035863 12.119732 -1.5817088 29
2.5776784 13.680224 -1.5204917 31
2.6480696 13.623465 -1.5122019 31.5
2.3642516 13.890574 -1.5500079 33
2.3315921 13.957013 -1.5582365 29
2.2650974 14.089677 -1.5747513 29
2.160378 14.147327 -1.584609 29.5
2.8496971 16.304625 -1.5034424 38
2.7450776 16.602608 -1.5341055 31
2.6662936 16.765583 -1.5517386 32
2.5936759 16.995546 -1.5752251 50
0.87217528 -16.972672 -1.4935824 24
0.971214 -16.807487 -1.4755721 45
1.0203102 -16.752623 -1.4688647 33
1.1163657 -16.626553 -1.4542537 16
1.2068627 -16.448248 -1.4356889 11
1.2992131 -16.317146 -1.4209334 1
1.3888463 -16.141594 -1.4027324 0
1.1688541 -14.065684 -1.4925067 0
1.2801454 -13.844003 -1.4659607 6
1.3542876 -13.716866 -1.4503677 8
1.4473038 -13.569128 -1.4320403 8
1.5386337 -13.424756 -1.4141889 8
1.5747488 -13.372423 -1.4076207 10
1.422092 -12.04515 -1.4982995 10
1.4532386 -11.989362 -1.4906883 8
3.7796969 -11.930019 -1.4233148 1
3.8630152 -11.932588 -1.4223291 2
3.9221685 -11.923733 -1.4204841 2
4.0250316 -11.920932 -1.4187368 2
4.1521559 -11.919413 -1.4169177 2
4.2747993 -11.909822 -1.4143966 2
4.4868875 -11.903913 -1.4115043 1
4.5298543 -11.904672 -1.4111758 1
5.0983801 -11.902483 -1.4068614 1
5.1398911 -11.901973 -1.4066038 1
1.5317373 -11.865301 -1.4734824 9.5
4.740942 -11.895103 -1.4083321 1
5.0495863 -11.897308 -1.4065573 1
5.7283483 -11.896092 -1.4045119 0
1.6775111 -11.686885 -1.4477515 30
1.7527394 -11.571235 -1.4318616 12.5
1.8478991 -11.461726 -1.4161149 17
1.9241273 -11.370507 -1.4031825 16
1.6792625 -10.485952 -1.4982638 19
1.7347231 -10.416567 -1.4874449 17
1.7631894 -10.387629 -1.4827968 15
1.8182075 -10.321716 -1.4725304 13
1.8461689 -10.292553 -1.4679072 13
1.9167347 -10.217028 -1.4560461 7.5
2.043076 -10.105441 -1.4381329 14
2.125278 -10.019474 -1.4248686 3
2.1488988 -9.9778805 -1.4188616 2
2.2528188 -9.8612509 -1.4012773 1
1.9723792 -9.1366796 -1.480683 1
2.0429101 -9.0521536 -1.4668341 1
2.0857759 -8.9813833 -1.455604 1
2.2022734 -8.8474274 -1.434056 1
1.9938329 -8.2107534 -1.4963844 1
2.0156574 -8.1891661 -1.4926469 1
2.289084 -7.8518162 -1.4355105 1
2.3780499 -7.7447386 -1.4179169 1
2.4388137 -7.6802006 -1.4074556 1
2.1122513 -7.3161297 -1.4877423 1
2.1742857 -7.2448778 -1.4750561 1
2.2537262 -7.1519852 -1.4587492 1
2.3727708 -7.0011544 -1.4327413 2
2.4457552 -6.9258485 -1.4201642 2
2.4769368 -6.8770165 -1.4119259 2
2.5198002 -6.8278437 -1.4038341 2
2.1378241 -6.639915 -1.4948115 2
2.2370555 -6.5241256 -1.4736148 2
2.2790203 -6.478406 -1.465425 2
2.327055 -6.4216313 -1.4553106 2
2.3747933 -6.3643117 -1.4452111 2
2.4146111 -6.3177881 -1.4371299 2
2.4552875 -6.2668815 -1.4283313 2
2.5064521 -6.2057018 -1.4179229 2
2.5606704 -6.1419911 -1.4072931 3
2.1678014 -6.0308337 -1.4958894 5
2.2411625 -5.9527125 -1.4814287 3.75
2.2967484 -5.8885322 -1.469623 3
2.3449352 -5.831512 -1.459288 3.6666667
2.399416 -5.7712345 -1.4486347 4
2.4416149 -5.71945 -1.4394802 7.3333335
2.4831922 -5.6694717 -1.430795 7.5
2.5228145 -5.6155167 -1.4213326 4
2.5658948 -5.5679216 -1.4134492 4
2.6100621 -5.5235934 -1.4063876 4
2.2371917 -5.4607325 -1.490072 12
2.6396501 -5.4964957 -1.4022567 3
2.3404598 -5.3441896 -1.4685746 13.6
2.3953471 -5.2788444 -1.4567153 10
2.4315052 -5.2461567 -1.4513375 7.25
2.4761169 -5.1896782 -1.4412764 4
2.5157795 -5.1474233 -1.4342228 9
2.2428479 -5.018198 -1.4965376 15
2.5721364 -5.0772634 -1.4222269 10
2.6231792 -5.020349 -1.4130208 11.5
2.2698214 -4.9804296 -1.4890867 15.333333
2.3300025 -4.9154234 -1.4772505 9
2.6668358 -4.9678044 -1.4045054 10.666667
2.3680596 -4.8763704 -1.4704208 9.5
2.4116206 -4.8290024 -1.4621296 13.5
2.4611197 -4.7697539 -1.4516786 12.333333
2.5071821 -4.7164774 -1.4425852 6
2.5586681 -4.6532841 -1.4318643 12.5
2.2746434 -4.5865579 -1.495945 22
2.3242075 -4.5341773 -1.4865776 24.666666
2.6369441 -4.5533648 -1.4152243 14.5
2.3765459 -4.472033 -1.4752654 23.333334
2.4210248 -4.4144182 -1.4647115 24
2.6922417 -4.4825807 -1.403805 20
2.7023127 -4.467443 -1.4012668 24
2.4764261 -4.3502436 -1.4537858 16.25
2.5040901 -4.318862 -1.4485955 19
2.5230479 -4.2887273 -1.4430342 24.75
2.637012 -4.1443043 -1.4194002 24.5
2.6861119 -4.0769148 -1.4085246 26.5
2.720216 -4.0349026 -1.4022875 21.666666
3.5461829 3.4841654 -1.400849 10
3.4995081 3.5802326 -1.413355 14
3.5172565 3.5536814 -1.4105713 12.5
3.4668016 3.6542366 -1.4238569 8
3.3769324 3.7966344 -1.4411889 8
3.4232495 3.7361574 -1.4348121 10
3.3554823 3.843884 -1.4484284 8.75
3.2849762 3.9710984 -1.466804 9.5
3.3191109 3.9117317 -1.4582558 10
3.5815787 3.9662471 -1.4043896 14.5
3.2402995 4.0500474 -1.4786265 10.461538
3.5315161 4.0494957 -1.4148486 12.25
3.1680222 4.1748586 -1.4976885 8.5
3.2045386 4.115839 -1.4887484 10
3.4824495 4.1351085 -1.4262969 9
3.5007534 4.1033788 -1.422014 10
3.3670087 4.3482885 -1.4573172 8.6000004
3.2853742 4.4924645 -1.4793015 9
3.3222916 4.434525 -1.4707669 9.333333
3.2509191 4.5561905 -1.4895724 10.444445
3.5733905 4.5679216 -1.4187857 13
3.2222033 4.6122365 -1.4989128 13
3.5328736 4.6453772 -1.4301194 11
3.4700348 4.7632551 -1.4477143 8
3.4124343 4.871685 -1.4644812 9.5
3.3721747 4.9366856 -1.4742644 10.75
3.2981739 5.0688686 -1.495414 9
3.3204873 5.034729 -1.4901567 10
3.6824355 5.0258732 -1.4058795 10.5
3.7021482 5.0034184 -1.4033382 11
3.6182065 5.168891 -1.4276534 9
3.5754852 5.2525163 -1.4402951 8.666667
3.5535562 5.3364334 -1.4548022 7.6666665
3.4909685 5.4789324 -1.4779508 5.5
3.5220013 5.4322777 -1.4710884 7
3.4497283 5.5643406 -1.4918544 5
3.8796136 5.5791883 -1.4027791 5
3.8475168 5.658339 -1.4146156 4.3333335
3.7762356 5.7689877 -1.4297092 5
3.8040874 5.733345 -1.4251091 5
3.7244701 5.8485055 -1.4408072 5.3333335
3.6540539 5.9535422 -1.4556686 5.6666665
3.5609331 6.0617623 -1.4702413 8
3.6082597 6.0118375 -1.4636965 6
3.477143 6.1720581 -1.4862471 17
3.5176406 6.1177025 -1.4782562 16
3.4385347 6.2231927 -1.4938408 15
3.8607395 6.3518219 -1.4064686 16.5
3.7921424 6.4869003 -1.4260818 16.5
3.826642 6.4311824 -1.418227 21
3.7509503 6.5552464 -1.4358808 20.5
3.6926422 6.6350141 -1.4470371 19.666666
3.5977039 6.7925115 -1.4704372 17
3.6336913 6.7342453 -1.4617414 15.5
3.5842674 6.8178358 -1.4743302 16
3.515249 6.9441667 -1.4938859 16
5.6641579 6.9445477 -1.4486189 0
5.9533901 6.9734883 -1.469715 0
5.9535813 7.0389218 -1.4787208 0
6.0152245 7.1530824 -1.4981458 0
3.4092021 7.3499393 -1.4169954 27
3.5803649 7.3491883 -1.4209665 29
3.8192885 7.3553581 -1.4284736 19
4.041594 7.3393464 -1.4328185 18.666666
2.7180734 7.4757285 -1.4268042 29
2.9876759 7.4058614 -1.418341 21
3.0725615 7.4326539 -1.4240881 28
3.2521365 7.4669952 -1.4328868 26
3.3404393 7.4742937 -1.4358119 27.5
3.4123204 7.4754872 -1.4375074 27
3.6757579 7.420372 -1.4348857 28
3.7517433 7.4231772 -1.4373968 27
2.7573602 7.5072017 -1.4324739 28
2.9425967 7.5570679 -1.4429173 23
3.0130188 7.5280361 -1.4390246 21
3.1820233 7.5286198 -1.4417741 28
3.2070782 7.5218649 -1.441095 29
1.7451146 7.6999469 -1.4661472 27
2.0664616 7.6945677 -1.4626871 28
2.6653361 7.6723728 -1.4595928 26
2.8394828 7.6448321 -1.4564321 28
3.0236762 7.6177311 -1.454108 25
1.6548321 7.7526445 -1.4764872 28
1.7240201 7.7172246 -1.4694095 28
1.8633232 7.7598171 -1.4754188 27
1.9234413 7.7278342 -1.4693403 26
2.1528451 7.7071261 -1.4645261 29
2.2534995 7.7316756 -1.4685442 31.200001
2.3644085 7.7422471 -1.4703372 31.799999
2.4485664 7.7291694 -1.4682412 30
2.5673265 7.7220097 -1.467447 28.5
1.5550026 7.8728733 -1.4990416 28
1.9518372 8.268096 -1.4117117 30
2.0053935 8.2115841 -1.402099 25
1.8794898 8.3613882 -1.4274582 33
1.8840095 8.6123962 -1.4669594 50
2.6475141 9.485096 -1.4196098 29
2.7396069 9.4700575 -1.4163423 27.5
2.8519084 9.4664869 -1.4145471 26
2.4975772 9.6984262 -1.4514585 23
2.4371791 9.8355141 -1.4715922 28
2.778851 10.862936 -1.4121468 31
2.7585492 10.921817 -1.4197837 28
2.756496 11.049764 -1.4354987 26
2.7409899 11.271319 -1.4630076 29
2.6772363 11.463389 -1.4880649 30
2.6354661 11.528697 -1.4970926 28.5
2.9557583 12.782221 -1.4135936 30
2.8453703 12.949351 -1.4344623 30.5
2.9008093 12.914009 -1.4291131 32
2.773803 13.164757 -1.459465 30.333334
2.4491251 13.413295 -1.4960984 36
2.7199233 13.443883 -1.4908172 31
2.9604728 15.804914 -1.4545847 31
2.8608289 15.951841 -1.4713428 41.5
0.89118499 -19.918564 -1.3824879 7
0.94550574 -19.764139 -1.3700199 11
1.0549934 -19.518629 -1.3491358 103
1.111267 -19.383495 -1.3378476 12
1.2529464 -19.236691 -1.3218629 44
1.3355359 -19.129032 -1.3111621 11
1.4318188 -16.057732 -1.3940493 0
1.4750408 -15.981699 -1.3860034 0
1.6639075 -13.243137 -1.3914518 10.5
1.7529778 -13.10904 -1.3748903 9
1.7872183 -13.056149 -1.3684133 7
1.8217311 -13.007111 -1.3623173 7
1.87202 -12.927468 -1.3526542 7.5
1.9715209 -12.773544 -1.3339714 7
2.0735192 -12.636201 -1.3169334 9
2.1572857 -12.535206 -1.3041745 10
1.9541048 -11.333093 -1.3979418 13
2.0277267 -11.237257 -1.3846741 9
2.10199 -11.140608 -1.371371 10
2.1873665 -11.026796 -1.3558707 10
2.2535145 -10.943025 -1.3444439 11
2.3401933 -10.840625 -1.3304168 10.666667
2.386215 -10.781713 -1.3224897 15
2.4282374 -10.733535 -1.3159266 15.5
2.497757 -10.654199 -1.3051674 17
2.525439 -10.623113 -1.3009619 16
2.4245329 -9.6321373 -1.3680496 1
2.4718306 -9.5653658 -1.3585477 0.33333334
2.5197427 -9.5008297 -1.34937 0
2.5543025 -9.4524832 -1.3425558 0
2.6535034 -9.2991467 -1.3212745 0
2.7304497 -9.1814995 -1.3051184 0.5
2.3787532 -8.6249619 -1.3992275 1
2.3992577 -8.5945921 -1.3945763 1
2.4206963 -8.5679817 -1.3904796 1
2.4841728 -8.4878511 -1.3782322 1
2.6488361 -8.2673616 -1.3452046 1
2.7649386 -8.1036396 -1.3212587 1
2.7852111 -8.0757179 -1.3172218 1
2.813848 -8.0363579 -1.3115554 1
2.8605056 -7.9693179 -1.3019658 1
2.4840074 -7.6157999 -1.3971124 1
2.5268617 -7.5662394 -1.389236 1
2.6231244 -7.4411998 -1.3695936 1
2.675252 -7.3679342 -1.3582273 1
2.7582419 -7.2547483 -1.3409348 1
2.8410957 -7.1504478 -1.3253255 1
2.8820608 -7.0913467 -1.3165376 1
2.9314334 -7.0196028 -1.3059826 1
2.9661112 -6.9792604 -1.3001972 1
2.5773106 -6.7514725 -1.3913019 2
2.6095834 -6.7094913 -1.3844869 2
2.6629839 -6.6459227 -1.3743813 1.5
2.7388458 -6.5480685 -1.3589454 1.3333334
2.8250923 -6.4399962 -1.342303 2
2.886513 -6.3618622 -1.3304956 2
2.9150362 -6.3162618 -1.3235021 2
2.9662533 -6.2435288 -1.312645 2
3.0194409 -6.1792917 -1.3034122 2
2.6408682 -6.0382385 -1.3900908 2.3333333
2.6922138 -5.9768229 -1.3802115 2.5
2.7291667 -5.9340959 -1.3734874 2
2.7718375 -5.8751597 -1.3640503 2.3333333
2.814157 -5.822258 -1.3558414 2
2.8740828 -5.7438283 -1.3437762 2
2.9500039 -5.6405263 -1.3281386 2.25
3.0206203 -5.5460229 -1.3142515 2
2.6722481 -5.4472384 -1.3938808 3
3.0555694 -5.4999175 -1.3076293 2
2.7504158 -5.3538942 -1.3791034 3
2.7974005 -5.2986269 -1.3705838 3
2.8432519 -5.2384834 -1.3612437 3
2.8846905 -5.1844745 -1.3530047 3
2.9329677 -5.1166739 -1.3426663 3
2.9699254 -5.0692105 -1.3357508 3
2.7094364 -4.9165363 -1.3963575 10.5
3.075038 -4.9220867 -1.3144207 3
2.7465243 -4.8645697 -1.3878598 9.75
3.0829897 -4.8985882 -1.3105117 3
3.1097794 -4.856039 -1.3043313 3
2.8227642 -4.7634158 -1.3720212 10
2.8966746 -4.662303 -1.3566144 11
2.9215446 -4.6190691 -1.3496826 11.5
2.9708753 -4.5464792 -1.3388636 12.2
3.0025032 -4.5060668 -1.3332912 14
2.7259285 -4.4341722 -1.3958696 22.857143
3.033978 -4.4613705 -1.3269693 16
2.7731011 -4.3733368 -1.386528 21.666666
2.8122315 -4.318243 -1.3779558 24
3.1234586 -4.3224144 -1.3073121 20
2.8636734 -4.2429585 -1.3663955 22.666666
3.1414084 -4.2900529 -1.3026215 21
2.7467818 -4.0012879 -1.3973337 28
2.9779344 -4.0742016 -1.3416855 29
3.013484 -4.0140457 -1.3327909 28
2.773643 -3.9590988 -1.3905618 28
2.8052671 -3.9107027 -1.3830079 28
3.0419128 -3.9730239 -1.3272967 26
2.8432314 -3.8551729 -1.3747722 22.833334
3.1386633 -3.8144939 -1.3056778 27.5
2.8842649 -3.7875032 -1.3643978 27
2.9174581 -3.7313759 -1.3559541 28.25
2.9637513 -3.6573269 -1.3454748 29.76923
3.0219848 -3.5606039 -1.332077 28.428572
3.081357 -3.4628406 -1.3192599 26
3.149168 -3.3580129 -1.3069465 20
3.836205 2.7552767 -1.3142695 6.75
3.8185396 2.8248031 -1.3228487 6
3.7666023 2.9550674 -1.3364415 11.333333
3.7339523 3.0381031 -1.3457365 11
3.6821911 3.1667175 -1.3607661 12
3.936717 3.1772628 -1.3088197 17
3.6466451 3.2543933 -1.3715625 11
3.8930221 3.2702851 -1.3179955 10
3.9152234 3.2132599 -1.3115989 10.666667
3.5889289 3.3748703 -1.3857152 7
3.6099365 3.3309846 -1.3804381 8
3.8713584 3.3327687 -1.3256254 12.142858
3.5653284 3.4475873 -1.3964576 10
3.8270113 3.4464314 -1.3392422 13.25
3.781373 3.5587904 -1.3531107 16.666666
3.8014176 3.511219 -1.3472421 16
3.7366002 3.6742806 -1.3683238 4
4.0218606 3.6508324 -1.3027219 13.666667
3.6893129 3.7431734 -1.3749423 16.5
3.98083 3.7547777 -1.3150936 16.5
4.0022373 3.7105753 -1.3102738 10
3.647126 3.829896 -1.3860397 16.5
3.9206939 3.8706825 -1.3276742 12.8
3.6138639 3.9033186 -1.3960489 8
3.8718457 3.9646454 -1.3383843 13
3.9070377 3.9053891 -1.3321059 14
3.8250191 4.0643787 -1.3508127 10.5
3.7721112 4.1760149 -1.3652258 10
3.8056586 4.1009364 -1.355225 10
3.7294865 4.2614765 -1.3764209 10.666667
4.0344391 4.2663188 -1.303645 13
3.6834073 4.3490839 -1.3879739 9
3.703099 4.3028722 -1.3813215 13
3.9901366 4.3708797 -1.3168483 15
4.0034781 4.3446274 -1.3137233 14
3.9620421 4.4441938 -1.3266599 9.75
3.9182782 4.5422974 -1.3394883 10.5
3.8671565 4.6564088 -1.3548219 8.8000002
3.8196564 4.7471108 -1.3667238 9.1999998
3.7749729 4.8341742 -1.3784304 8.666667
4.1346111 4.8731699 -1.3021964 9
3.7159073 4.9563498 -1.3957497 9.666667
4.0295033 5.0914855 -1.3298904 10
3.9978242 5.183301 -1.3427866 8
4.0094891 5.143631 -1.3369564 9
3.9661639 5.2534723 -1.352358 9
3.9295089 5.3315525 -1.3630677 9
3.9317095 5.4543405 -1.3845563 5.75
3.9121506 5.5336733 -1.3970363 5
4.3623152 5.566515 -1.3081431 2.5
4.2960696 5.6973381 -1.3242551 3
4.3264928 5.6399407 -1.3172151 3
4.2457881 5.7808433 -1.3342848 4
4.1863618 5.889277 -1.3479861 5
4.1331964 5.9522352 -1.3550098 6
4.0800514 6.0551028 -1.3687074 5
3.9741378 6.186902 -1.3846446 11
4.0236588 6.1346002 -1.3786488 5.6666665
3.9337049 6.2406602 -1.3914871 15
3.8839984 6.3021021 -1.3992488 14
4.3335166 6.4394855 -1.306363 20.5
4.2647996 6.5626926 -1.3217461 20.333334
4.1882253 6.6859231 -1.3371401 21
4.2282357 6.6124811 -1.3276732 20
4.1541276 6.7547264 -1.3462591 21.333334
4.0921097 6.8845139 -1.3637683 18.5
4.1082754 6.8396711 -1.3574748 19
3.7362471 6.9983735 -1.3693289 21
4.0536275 6.9657741 -1.3749115 17.5
3.3436308 7.0521235 -1.3671476 29
3.4127584 7.0795403 -1.3732651 29
3.7933125 7.0480876 -1.3789653 23
3.9699352 7.0475187 -1.3846828 24
4.0341763 7.0556684 -1.388183 24
4.5059299 7.3719382 -1.3001688 11
4.0808635 7.4552627 -1.3004447 29
4.1505413 7.4657049 -1.3036031 27
4.2231998 7.4479656 -1.3029237 28.666666
4.3566318 7.4083056 -1.3009301 17.333334
4.597218 7.4126167 -1.3085331 11
3.4851074 7.5783644 -1.3068618 29
3.6398656 7.5910058 -1.311096 29
3.7593582 7.5347834 -1.3050331 26
3.8402529 7.5147853 -1.3037094 30
3.2821093 7.6374393 -1.3130214 29
3.4740293 7.6757174 -1.3210117 26
3.367485 7.7597585 -1.3321002 28
3.4218185 7.7197037 -1.3268209 27.5
2.7888277 7.8862081 -1.3473368 35
2.8248839 7.8706121 -1.3450358 30
2.9838464 7.879283 -1.346899 31
3.0345676 7.8632193 -1.3447452 31
3.1647811 7.8287663 -1.3404464 30.75
3.2869525 7.8086066 -1.3385043 30
2.3782916 7.9455948 -1.3572285 35
2.6568964 7.9684229 -1.3598616 30.5
2.7410636 7.9079733 -1.3505994 33
-5.6613779 8.0895929 -1.3513279 3.5
-5.5671935 8.0882483 -1.342292 2
2.1925955 8.0946722 -1.3817376 26
2.2503679 8.0591736 -1.3757224 31.5
-5.6148934 8.1031809 -1.3480669 3
-5.5295329 8.1435966 -1.3434821 0
1.9380574 8.1635284 -1.395461 25
2.0755925 8.1683912 -1.3944688 31
2.1275952 8.1568565 -1.3920913 32.666668
3.0450051 9.2650833 -1.3851274 25
3.4870398 10.041061 -1.3011594 28
3.3828931 10.145434 -1.3149222 29
3.2619963 10.257807 -1.3300846 28
3.3239217 10.230781 -1.3259561 30.5
3.1553655 10.358372 -1.3438447 32
3.2266057 10.311313 -1.3370521 31
2.9751959 10.459081 -1.3590859 29.666666
3.0689106 10.416883 -1.3523312 30.333334
2.9280732 10.619259 -1.3794305 28
2.9262381 10.735575 -1.3936318 23
3.3906093 12.081229 -1.3285536 32
3.3214209 12.171555 -1.3396745 30.666666
3.1927726 12.256951 -1.3518158 28
3.2571287 12.266135 -1.3511729 30.5
3.087492 12.478438 -1.3778844 28
3.1202145 12.445251 -1.3735217 29
3.0767498 12.596296 -1.3906165 30
3.0098951 12.662383 -1.3994094 31
2.314702 13.933978 -1.309918 2
3.4058094 14.268932 -1.302516 30
3.1977398 14.396785 -1.3205732 35
3.2799788 14.344695 -1.31326 34
3.3748288 14.334078 -1.309283 33
2.9283574 14.680625 -1.3549843 81
3.0122037 14.626172 -1.3472407 61
3.1928761 14.786452 -1.3554755 35
3.1431921 14.997598 -1.3759902 33
3.7969291 18.24531 -1.3191578 42
3.6937289 18.320278 -1.3284848 30
3.7728853 18.409672 -1.3319495 38
3.5550995 19.146154 -1.3936708 25
1.4383726 -18.913271 -1.2926494 7
1.4884658 -18.801208 -1.2832022 7
1.5401152 -18.676807 -1.2729084 8
1.638265 -18.467937 -1.2551378 8
1.7401539 -18.322147 -1.2412719 3
2.1879694 -12.481321 -1.2978711 9
2.2506025 -12.385091 -1.2863836 8
2.2542045 -12.181871 -1.2664557 4
2.2779925 -11.901645 -1.2383862 3
2.3555777 -11.902698 -1.2360018 4
2.4729879 -11.907225 -1.2327636 2
2.5657737 -11.964932 -1.2355223 7
2.3410723 -11.894691 -1.2356898 3.3333333
2.660089 -11.862543 -1.2227908 9
2.7122641 -11.752517 -1.2106355 19
2.562331 -10.574666 -1.2946068 14
2.6054244 -10.513562 -1.2867358 13
2.7936122 -10.295985 -1.258172 14
2.8715889 -10.204164 -1.24633 5
2.9373126 -10.133568 -1.2371969 2.5
3.045651 -9.9745617 -1.2175529 1
2.7642488 -9.1381683 -1.2991414 1
2.8280208 -9.0408783 -1.2859612 1
2.9774399 -8.832099 -1.2579567 1
3.056119 -8.6998835 -1.240646 0
3.1186423 -8.6184607 -1.230014 0
3.2010779 -8.5074625 -1.2157079 0
3.235647 -8.439024 -1.2070277 0
2.9407349 -7.8539042 -1.285657 1
2.9915681 -7.7894235 -1.2766581 1
3.0371375 -7.7269993 -1.2680256 1
3.0819631 -7.6643414 -1.2594311 1
3.1146154 -7.6039805 -1.2511544 1
3.1509304 -7.5574417 -1.2448977 1
3.2205153 -7.4581814 -1.2316359 1
3.2780285 -7.3701515 -1.2199891 1
3.3011909 -7.3293481 -1.2146002 1
3.3528392 -7.2577257 -1.2053592 1
2.9892635 -6.9413643 -1.2946619 1
3.0453 -6.8649945 -1.2837666 1
3.0925045 -6.7982574 -1.2743264 1
3.1401753 -6.728301 -1.2645297 1
3.1862795 -6.6627655 -1.255481 1
3.2019932 -6.6420407 -1.2526705 1
3.249831 -6.5642486 -1.2419685 1
3.3210642 -6.449903 -1.2265018 1
3.3739147 -6.3686981 -1.21577 1
3.4167812 -6.3053203 -1.2075562 1
3.4308536 -6.2841368 -1.2048293 1
3.0608401 -6.1147823 -1.2939159 2
3.0893147 -6.0760994 -1.288403 2
3.1327262 -6.0204735 -1.2806529 2
3.180768 -5.9497414 -1.2706965 2
3.2485573 -5.8446741 -1.2560637 2
3.2867072 -5.7907228 -1.2488035 2
3.3554802 -5.6855106 -1.2347145 2
3.4625692 -5.5294456 -1.2147363 2
3.0946321 -5.4463849 -1.299991 2
3.5255694 -5.4342518 -1.2028508 2
3.1807468 -5.3278551 -1.2835007 2
3.2262521 -5.2589412 -1.2739187 2
3.2853298 -5.17342 -1.2624375 2
3.3200707 -5.120738 -1.2554226 2
3.3803113 -5.0306406 -1.2437485 2
3.138278 -4.816649 -1.2989411 4
3.5063729 -4.8184752 -1.2164822 3
3.1799223 -4.7550812 -1.2904751 4
3.5552747 -4.7308736 -1.2055205 3
3.2363796 -4.6544452 -1.2761434 8.666667
3.2813497 -4.5841179 -1.2667935 10
3.3230171 -4.5219326 -1.2588967 11
3.3586648 -4.4530272 -1.2494941 13
3.3877473 -4.3947515 -1.2415922 14
3.4254112 -4.3421144 -1.2355953 17.5
3.1758747 -4.2320795 -1.2945756 23.666666
3.4717667 -4.2544494 -1.2244416 19.571428
3.2099605 -4.1850743 -1.288753 22
3.5146286 -4.1802163 -1.2155943 20.166666
3.3075113 -4.0128288 -1.2658591 23
3.5736835 -4.0718603 -1.2028201 21.5
3.3513045 -3.9251547 -1.2541919 21
3.3929029 -3.8477645 -1.2445289 14
3.4180121 -3.8150666 -1.2413689 19
3.1883581 -3.7220435 -1.293029 26
3.4412529 -3.7709448 -1.23606 19.25
3.2183335 -3.6698742 -1.2863449 26.4
3.493571 -3.6818299 -1.226211 19
3.5192232 -3.6206591 -1.218539 22.75
3.2815535 -3.5641737 -1.2736239 25
3.3157358 -3.5111461 -1.2678434 24
3.5589588 -3.5490639 -1.2109424 22.666666
3.3439136 -3.451818 -1.2603414 21.4
3.5899816 -3.4823651 -1.2033941 22
3.6063526 -3.4542229 -1.2006786 20
3.3804607 -3.369658 -1.2498844 13.5
3.408448 -3.3219728 -1.2449269 10.5
3.1834455 -3.2919874 -1.2984159 11.5
3.211827 -3.2280943 -1.2897708 19
3.4429309 -3.2546852 -1.2375151 10.6
3.2547734 -3.1515858 -1.2811145 29
3.4853477 -3.1803381 -1.230245 22
3.5098057 -3.1282063 -1.2246239 22
3.2915847 -3.083354 -1.2734907 27
3.3221006 -3.0290632 -1.2678969 28
3.5440979 -3.0537903 -1.2168218 20.5
3.3676064 -2.951458 -1.2605774 21.799999
3.5903516 -2.9662321 -1.208926 15.75
3.6123168 -2.9118075 -1.2033654 16
3.3973992 -2.8900278 -1.2541052 19
3.4170232 -2.847544 -1.2496582 20.4
3.6261988 -2.8852401 -1.2011888 15
3.4590151 -2.7669511 -1.2424752 18.5
3.4919889 -2.6941636 -1.2355204 18
3.5274563 -2.63234 -1.2312477 14.2
3.5521212 -2.585484 -1.2278179 16
3.6213491 -2.429889 -1.2154237 9.333333
3.660496 -2.3447101 -1.2096568 8.333333
3.6842532 -2.2705948 -1.2031053 9.5
3.7108467 -2.2179778 -1.200531 10
4.1628866 1.3993517 -1.2020369 12
4.1434093 1.4639959 -1.2039106 12
4.1214724 1.563195 -1.2089864 12.2
4.1045756 1.6366549 -1.213014 12.666667
4.0897145 1.7509283 -1.2223873 9.5
4.0702109 1.8341936 -1.2278982 9.1999998
4.0322824 2.0328021 -1.2445966 9.333333
4.231401 2.077811 -1.2003715 8
3.9969764 2.1916051 -1.2586404 13
4.0086865 2.1412065 -1.2541302 9.5
4.2210126 2.1449411 -1.2064919 10
3.9841588 2.2508662 -1.2643623 14.75
4.1923609 2.2676573 -1.2165083 10.5
4.2023926 2.2222621 -1.2126007 10.5
3.9572194 2.3457267 -1.2727096 14.4
4.1743383 2.3493512 -1.2238481 11.8
3.9275577 2.4569747 -1.2835569 9.6000004
4.1454215 2.455101 -1.232847 8.8000002
3.8854878 2.5883758 -1.2960002 8
3.9083574 2.5276387 -1.2907369 8
4.1255808 2.5532253 -1.2429625 8.75
3.877749 2.6124864 -1.2983956 7
4.0946131 2.6747005 -1.2550546 9.1999998
4.1083331 2.6236112 -1.2499864 8.5
4.3429394 2.6610417 -1.2002414 8
4.0817823 2.7248855 -1.2602756 12.5
4.3222127 2.7433028 -1.2078669 8.75
4.037241 2.8736291 -1.2755461 12
4.2833791 2.8917594 -1.2221764 9
4.3002801 2.8436399 -1.2180748 10
4.0135851 2.9385679 -1.2819078 10.25
4.2695694 2.9464788 -1.2278478 9.454545
3.9641769 3.0832763 -1.297419 17
4.2420406 3.0467677 -1.2382232 9.75
3.9609771 3.1005576 -1.2997717 18
4.1938396 3.1807816 -1.2511225 9.5
4.2069216 3.1381557 -1.2465988 11.333333
4.1738348 3.2450583 -1.2580942 9.333333
4.1467075 3.3219471 -1.2661778 12.5
4.4029398 3.385613 -1.2093561 17
4.0968013 3.4545434 -1.2803543 17
4.112072 3.4193425 -1.2767894 16.6
4.380795 3.4564893 -1.216694 17
4.0604072 3.549752 -1.2909793 15.666667
4.3529568 3.5355124 -1.2246894 16.5
4.0407767 3.6071453 -1.2978791 16
4.2904644 3.6914964 -1.240283 6.5
4.3198919 3.6339083 -1.2351812 17
4.2688003 3.7468846 -1.2461449 13.666667
4.22927 3.8389807 -1.2557468 12
4.173008 3.9626687 -1.2688428 9.166667
4.1325998 4.0354743 -1.2760335 9.6000004
4.4529128 4.058764 -1.206048 9.5
4.0869017 4.1405888 -1.2882209 14
4.4092855 4.147584 -1.2145627 9.5
4.0492544 4.2204618 -1.2974795 15
4.3671675 4.265698 -1.2279305 8
4.3306656 4.3635941 -1.2392102 8
4.3088722 4.4503369 -1.2504469 9
4.2748599 4.5420485 -1.2615446 9
4.2312059 4.6521277 -1.2749319 9.5
4.1801667 4.7584586 -1.2874489 11.5
4.2087383 4.7162385 -1.2831591 9
4.5631599 4.7637486 -1.2033753 11
4.154407 4.81879 -1.2950048 10.5
4.5391483 4.8205371 -1.2095803 9
4.4915085 4.9589453 -1.2259115 9
4.5013561 4.9388494 -1.223737 9
4.4487686 5.0485721 -1.2358541 10
4.4136271 5.1474414 -1.2479686 9
4.7945361 5.5854287 -1.2091383 2
4.7945442 5.6723986 -1.2210463 1
4.7581458 5.7601075 -1.2309859 1
4.6878824 5.8718138 -1.2425048 1
4.7113695 5.8266249 -1.2375135 1
4.6585455 5.9496493 -1.2516606 1.5
4.5719943 6.0889249 -1.2668139 4
4.6086345 6.02004 -1.2589118 5
4.5517635 6.1332192 -1.2721295 4.5
4.4281888 6.2786608 -1.2870585 5.5
4.3747902 6.3512077 -1.2951813 17
4.7720504 6.5779853 -1.2024723 18
4.7557216 6.6518679 -1.2115426 19.5
4.6605086 6.7746449 -1.224208 13.5
4.7083073 6.7282372 -1.2198175 19
4.6341977 6.8489661 -1.2331908 18
4.5579147 6.9901991 -1.2495885 24.5
4.610395 6.9281492 -1.2429965 19
3.4118705 7.0359354 -1.2265168 24
3.7209187 7.0839477 -1.2394415 29
4.4837184 7.0940976 -1.2613034 16
4.5388465 7.0816069 -1.2613735 15
3.2466311 7.1477547 -1.2402799 30
3.4062831 7.2996473 -1.2648689 37
3.8743241 7.252913 -1.2669271 36
4.5026588 7.2188644 -1.2789946 15
3.483834 7.3410749 -1.2721298 34
4.2620234 7.3912635 -1.2959758 21
4.4410343 7.3471022 -1.2948186 17.5
3.6390631 7.4183626 -1.2859918 29
3.762255 7.4841523 -1.2977736 26
4.049747 7.4546151 -1.2996238 31
2.7569327 7.5215054 -1.2918762 28
2.8081307 7.5143499 -1.2909873 26
3.6976831 7.8979316 -1.2020952 25
3.2805746 7.975359 -1.2103597 26
3.3974042 7.9676275 -1.2096277 27
3.4622886 7.935482 -1.2056369 27
3.5750365 7.9301233 -1.2054912 27.5
2.6756406 8.0575113 -1.222988 16
2.9493985 8.0968113 -1.2269114 24
3.1497326 8.0474319 -1.2198956 25
3.237236 8.0799732 -1.2242486 23
3.3528452 8.0046263 -1.2143977 28
1.8853945 8.1936483 -1.2520527 1
2.1650379 8.1152411 -1.2364173 2
2.8821311 8.1475897 -1.2340488 28
3.0411849 8.1080809 -1.2281753 30
1.9168789 8.2103329 -1.2537944 11
2.7926946 8.2223902 -1.2446828 19
2.8141448 8.2020473 -1.2417878 24
2.8009675 8.4887114 -1.2809274 45
3.5878081 9.5699654 -1.2441453 25
3.8846338 9.5266657 -1.2368751 9
3.5846004 9.7374811 -1.2640154 27
3.5330553 9.969243 -1.2920836 29
3.5117037 10.006721 -1.2967856 30
3.8901415 11.050013 -1.2113688 28
3.8203025 11.132351 -1.2210616 28
3.7600243 11.237954 -1.2330577 27
3.4492145 11.36832 -1.2527934 24
3.5081096 11.429016 -1.2578586 26
3.395329 11.697608 -1.2883179 28
3.7563772 13.348192 -1.2106452 31
3.7019868 13.471832 -1.223079 29
3.6335161 13.888342 -1.2618217 34
3.5634358 13.973217 -1.2714318 31
3.4904044 14.050039 -1.2804643 32
3.4354229 14.19987 -1.2954555 30
4.1757073 16.90947 -1.2091367 30
4.0680418 17.26758 -1.2386916 48.5
4.0392838 17.514801 -1.2575073 42
4.0208549 17.679186 -1.2700129 40
3.9511116 18.006714 -1.2961807 30.5
1.2704424 -12.635603 -1.1229357 4
1.2860712 -12.413436 -1.1042411 3
4.3118014 -11.92633 -1.1909642 0
4.6998062 -11.928653 -1.1850561 1
4.9396925 -11.923995 -1.1813475 1
5.0057411 -11.924507 -1.1805543 1
5.5897903 -11.917768 -1.1737453 0
5.6781282 -11.911242 -1.1724099 0
5.2985606 -11.884491 -1.1735568 2
5.6236458 -11.892984 -1.1712347 1
2.8733935 -11.611363 -1.1925882 18
3.0912783 -11.270002 -1.1543036 9
3.1178732 -11.229539 -1.1497968 10
3.1573224 -11.168732 -1.1430593 9.5
3.2220407 -11.067126 -1.1318817 11
3.2985933 -10.940364 -1.1181316 12
3.3245747 -10.90328 -1.1140503 12
3.169538 -9.7705479 -1.1929446 0
3.2021832 -9.7158651 -1.1864175 0
3.2223988 -9.6755896 -1.1816807 0
3.3515632 -9.4626455 -1.1565717 0
3.4155126 -9.3634033 -1.1449757 1
3.454694 -9.2852535 -1.13603 1
3.5359967 -9.1520863 -1.1207697 1
3.5770838 -9.0889778 -1.1135811 1
3.6352372 -8.9884968 -1.1022789 1
3.3100407 -8.3202667 -1.1920633 0
3.4199567 -8.1441689 -1.1702349 0
3.47507 -8.0623693 -1.1602441 0
3.5126939 -8.011281 -1.1540716 0
3.5616016 -7.9198895 -1.1430645 0
3.5863466 -7.8759127 -1.1378124 0
3.6232953 -7.8195095 -1.131144 0
3.6648331 -7.7495246 -1.1229086 0
3.6995051 -7.6977 -1.1168857 1
3.7207723 -7.649826 -1.1112773 0.5
3.7633355 -7.5823345 -1.1035233 1
3.3860569 -7.2072525 -1.1988592 1
3.4079158 -7.1661673 -1.193537 1
3.4722879 -7.0614514 -1.1802385 1
3.5501823 -6.9409156 -1.1652509 1
3.5979488 -6.853601 -1.1544019 1
3.6119812 -6.8282447 -1.1512821 1
3.6622365 -6.7516727 -1.1421102 1
3.6994216 -6.6860666 -1.1342045 1
3.7437856 -6.615706 -1.1259351 2
3.8005204 -6.5235538 -1.1152314 2
3.8539164 -6.4257984 -1.1038966 2
3.4567723 -6.2382336 -1.1988181 2
3.4872603 -6.1985192 -1.1939174 2
3.5263462 -6.1322007 -1.1854489 1.6666666
3.5677335 -6.0699263 -1.1777587 1.5
3.6715229 -5.900681 -1.1570628 1
3.6868837 -5.8817434 -1.1549429 1
3.7169702 -5.8275442 -1.148385 2
3.7628913 -5.7577624 -1.1403537 1
3.7977641 -5.6920362 -1.132548 1
3.8342671 -5.6310549 -1.1255977 1.4
3.8751907 -5.5576086 -1.1172172 2
3.9032505 -5.5040154 -1.1110992 2
3.9388726 -5.4507732 -1.1054916 1.6666666
3.5609198 -5.3840036 -1.1968067 2
3.60114 -5.3166909 -1.18848 2
3.7153511 -5.1281261 -1.1660501 2
3.7647312 -5.0370049 -1.1552905 2
3.7998567 -4.9742165 -1.148087 2
3.9164891 -4.771028 -1.1259124 2
3.5805883 -4.682107 -1.1993891 4
3.9627366 -4.6603155 -1.1132188 3
3.9980307 -4.5672765 -1.1025621 11
4.0124326 -4.5546422 -1.1018331 11
3.6752496 -4.4867201 -1.175205 15
3.718255 -4.4100661 -1.1665632 15
3.7548292 -4.3477554 -1.1598653 16
3.7951777 -4.2759271 -1.1521684 17
3.8544965 -4.1528831 -1.1386667 14
3.5928533 -4.041914 -1.1996592 21
3.8840442 -4.0929413 -1.1323261 16
3.9132962 -4.0321493 -1.1260026 18.5
3.6512382 -3.9327862 -1.187418 17.799999
3.9508693 -3.9564657 -1.1184503 18
3.681915 -3.8695223 -1.1802596 18.333334
3.7026858 -3.8334186 -1.1765817 20
3.9965754 -3.8766689 -1.1112964 15.5
4.0174799 -3.8237052 -1.1057997 15
3.7461216 -3.7478237 -1.1675534 18.6
4.0322227 -3.7881017 -1.102231 17
3.7843378 -3.6689546 -1.1593162 17
3.8066926 -3.6288533 -1.1555594 20
3.8368468 -3.5479872 -1.1465943 18.25
3.6167948 -3.4206183 -1.1963739 15
3.8813164 -3.4483094 -1.1367328 16.4
3.6494629 -3.3511577 -1.1890603 16
3.9271533 -3.342248 -1.1265727 15
3.6886601 -3.2819376 -1.1828351 14.5
3.7198296 -3.2159417 -1.1763861 11.666667
3.9621105 -3.2650974 -1.1197292 15.666667
3.753448 -3.1414471 -1.1691873 16.5
4.0147839 -3.1434107 -1.1093918 15
3.7824218 -3.0851212 -1.164495 16
4.0557537 -3.0516973 -1.102219 15.5
3.8296926 -2.9768686 -1.1548793 16.333334
3.6512356 -2.8271663 -1.1957974 18.333334
3.8967752 -2.821929 -1.1421524 14
3.6654809 -2.7939856 -1.1927691 16
3.7111115 -2.7005873 -1.1855668 16
3.9490411 -2.7076161 -1.1340599 13
3.7392609 -2.6392462 -1.1808821 14.833333
3.9714642 -2.6525633 -1.1300417 14.166667
3.7714458 -2.5709157 -1.1760801 12.2
4.0167475 -2.5381536 -1.1219996 13.75
3.8201435 -2.4582906 -1.1681223 13.75
4.0527577 -2.4487853 -1.1163547 14.5
3.8668771 -2.3401356 -1.1599303 12.75
4.0835767 -2.370527 -1.1116629 10.75
4.1000819 -2.3363125 -1.1102015 12
3.7004044 -2.2276874 -1.199947 9
3.8870244 -2.2936597 -1.1572431 11
3.9137921 -2.2089922 -1.1510084 17
4.1246886 -2.2605314 -1.1053489 12.6
3.7394009 -2.1387396 -1.1949366 16
3.9409628 -2.1461749 -1.1480141 14.75
4.1489382 -2.1916115 -1.1014502 15
3.7755797 -2.0458276 -1.1893593 20.333334
3.9804106 -2.0420806 -1.1425297 15.777778
3.7994633 -1.9990097 -1.1879134 19
3.8182738 -1.9464421 -1.1849281 18
3.9979794 -1.9859803 -1.1391885 17
4.0055304 -1.9533123 -1.1368577 12.6
3.847137 -1.8544139 -1.1793698 21
4.0449815 -1.8514456 -1.1329644 13
3.8754334 -1.7527201 -1.1732218 27.6
4.0759764 -1.7434826 -1.1275208 15.75
3.8952496 -1.695897 -1.1708606 28
3.9159522 -1.6382772 -1.1688954 30.25
4.0953064 -1.6707478 -1.1239538 13.5
4.1023903 -1.6432719 -1.122658 14.5
3.942167 -1.5412772 -1.1642849 35.285713
4.1302977 -1.5403436 -1.1185005 17
3.9700296 -1.4337664 -1.1597089 33
4.1590595 -1.4368689 -1.1151251 18.799999
3.9900784 -1.3727031 -1.158343 31.25
4.1806674 -1.3255789 -1.1103662 22.142857
4.0152059 -1.2402288 -1.1524194 38.666668
4.1938992 -1.279632 -1.109482 24
4.2060137 -1.2290839 -1.1081858 25.666666
4.0338373 -1.1594918 -1.1500746 38.200001
4.2184782 -1.1518084 -1.105297 21.4
4.0497451 -1.0578284 -1.1461291 36.599998
4.2462349 -1.0361233 -1.1035002 25.857143
4.0725489 -0.95163441 -1.144145 37.5
4.2584467 -0.95274079 -1.1011324 25.714285
4.0938406 -0.86022478 -1.1433904 28.5
4.1050043 -0.80819249 -1.143012 25.5
4.2723808 -0.88368845 -1.1002338 21.25
4.1109757 -0.76163024 -1.1419715 30.333334
4.1300735 -0.64922315 -1.1410559 33.166668
4.1446157 -0.54772133 -1.1403388 35
4.15802 -0.43701077 -1.1398134 20.75
4.1744323 -0.34687296 -1.1412413 24
4.1841431 -0.26781654 -1.1418811 27.25
4.1926022 -0.15355122 -1.1424395 23
4.3827925 -0.15321937 -1.1014773 6.5999999
4.1965318 -0.03001355 -1.1428251 17.5
4.2031574 -0.077057734 -1.1444023 19
4.3880134 -0.049453545 -1.1022017 9.3999996
4.1992149 0.024108319 -1.1435425 16.5
4.2031841 0.044103235 -1.144546 18
4.3937135 0.044326946 -1.1036028 9.333333
4.1930289 0.1984805 -1.1437807 17
4.2042532 0.15841071 -1.1458092 18.799999
4.39394 0.13893065 -1.1044101 13
4.2022734 0.27087912 -1.1471916 16.666666
4.3912311 0.2460838 -1.1053289 10.5
4.1986084 0.38102716 -1.1489477 19
4.2053432 0.34076551 -1.1494524 23
4.394515 0.34821564 -1.108068 12.5
4.1971159 0.45529824 -1.1508385 13.25
4.2056313 0.41515458 -1.1515231 14
4.3951631 0.46524996 -1.1112951 14
4.4014168 0.41601557 -1.111189 13
4.1941924 0.53991717 -1.153143 18.5
4.2017703 0.550906 -1.1552781 15.666667
4.3971024 0.5435195 -1.114229 15
4.4010859 0.54388493 -1.1150498 12
4.1949768 0.645603 -1.1576681 21.333334
4.2027588 0.65593714 -1.1598799 22
4.3949099 0.63623083 -1.1172122 12.25
4.2051497 0.73790348 -1.1643451 19.4
4.3927922 0.72932732 -1.1207106 11
4.4022117 0.74472576 -1.1233934 8.333333
4.2100344 0.85716945 -1.1718976 13.285714
4.398798 0.83823794 -1.127224 14.5
4.4012699 0.8459059 -1.1281689 14
4.2068377 0.95599753 -1.1772162 20.25
4.3983808 0.94708264 -1.1330507 15.5
4.4017081 0.96285123 -1.134685 16.333334
4.1985292 1.0568335 -1.1821145 18.5
4.2006855 1.021382 -1.1801372 19
4.3959999 1.0526961 -1.1389642 18.6
4.4006124 1.0505331 -1.1397359 18
4.1897974 1.1434228 -1.1865396 25.875
4.3910599 1.1464498 -1.1441209 21.6
4.1737518 1.2683148 -1.1929634 19.75
4.3766618 1.2642721 -1.1496633 21.714285
4.591682 1.2622234 -1.1030564 20
4.1603827 1.3515217 -1.1972063 15.25
4.3655806 1.3484004 -1.1539671 22
4.5739861 1.3777028 -1.1079044 20.666666
4.3448663 1.4636986 -1.1593801 14
4.5610685 1.4526284 -1.1111627 18
4.3315859 1.5228419 -1.1619427 13.6
4.5452914 1.5444651 -1.1155764 11
4.2939243 1.6864794 -1.1698986 10
4.3135118 1.615321 -1.1668729 14
4.5285201 1.6409607 -1.1205851 11.333333
4.2865677 1.7676345 -1.1766281 9.666667
4.5124369 1.733301 -1.1258534 15.25
4.2731524 1.8588436 -1.1836058 10.8
4.4932594 1.8470182 -1.1330224 15
4.2653089 1.9456456 -1.191565 10
4.4816561 1.945006 -1.1405746 13.5
4.4628019 2.0654271 -1.1496682 8.8888893
4.4485822 2.1395056 -1.1551564 11.444445
4.4286327 2.2555804 -1.1646941 10.8
4.6665559 2.2958686 -1.1123281 9
4.3952999 2.3797197 -1.1735878 15
4.4087157 2.3218257 -1.1689875 12.666667
4.6575394 2.346664 -1.1162469 9
4.384295 2.4551492 -1.1808918 12
4.6344833 2.4553175 -1.1243979 8.5
4.3644919 2.5444367 -1.1887521 11
4.6187825 2.5442126 -1.1318854 9
4.3423038 2.6361005 -1.1969153 9
4.593502 2.6705427 -1.1426464 10.333333
4.6047473 2.6093612 -1.1372039 10.5
4.5775371 2.7517741 -1.1499535 10.666667
4.5530572 2.8424656 -1.1574752 8.75
4.5220442 2.9678621 -1.1688366 8
4.8157825 2.9564891 -1.1049268 9.25
4.5102959 3.0158038 -1.1733323 8
4.7923193 3.0887294 -1.1170937 7
4.8006005 3.0413575 -1.1126492 6.5
4.470993 3.1699762 -1.188426 16
4.7814517 3.1327686 -1.1209134 7.5999999
4.4465356 3.2444744 -1.1953195 12
4.717103 3.3508368 -1.1396419 14
4.6899419 3.4360363 -1.1471885 16
4.7005067 3.4210284 -1.146516 16
4.6414428 3.5835268 -1.1607071 14
4.6211553 3.6453114 -1.166622 16
4.5901771 3.7272847 -1.1741812 9.1999998
4.9258728 3.7417221 -1.1016581 5.4000001
4.5407543 3.8439362 -1.1848129 11.833333
4.8851576 3.8476892 -1.110473 12.8
4.485837 3.9742684 -1.1973139 11
4.5102472 3.9210467 -1.1923388 9
4.8342867 3.985899 -1.1226953 11.5
4.8173361 4.0228519 -1.1257495 9.5
4.7706513 4.1438355 -1.1368942 11
4.7285423 4.2474294 -1.1466041 10
4.6871839 4.36589 -1.1586989 9.25
4.6766744 4.4172854 -1.1647142 8
4.6332912 4.5536923 -1.1796794 9.5
4.591105 4.6881952 -1.1949445 9.5
4.6114621 4.6221685 -1.1873604 9
4.9905825 4.6444817 -1.100273 10
4.5792122 4.7198358 -1.1984415 10
4.9640493 4.7448702 -1.1107193 9.4285717
4.9310217 4.8400536 -1.1202481 10.5
4.8932724 4.9393053 -1.1301566 9
4.9056664 4.9208999 -1.1286807 9
4.8586922 5.0529046 -1.1423916 7.75
4.8300233 5.1678271 -1.1554617 8
4.8163772 5.2175441 -1.161106 8.666667
4.7794456 5.3238344 -1.1728383 10.75
4.7535772 5.4200788 -1.18414 10.5
4.7727842 5.5252843 -1.1996064 9
5.2527447 5.7656264 -1.1227434 2
5.0653439 5.8351269 -1.1215177 17
5.1545734 5.8240318 -1.1246885 7.5
5.2186213 5.802896 -1.1254362 2
5.0640559 5.9265409 -1.1326908 18
4.7345281 6.2621202 -1.1598184 17
4.9588723 6.2741928 -1.1712049 6.6666665
4.9297061 6.3251672 -1.1763456 5.5
4.7822919 6.4458566 -1.1856296 21
4.8780041 6.4017429 -1.1839339 6
4.7784643 6.5235357 -1.195601 20
4.9654155 7.1815834 -1.1345967 11
5.0363593 7.1487865 -1.1326584 9
3.5563772 7.2717285 -1.1196306 27
4.898634 7.2771573 -1.1442566 8
4.404882 7.3774304 -1.1454173 22
5.0109115 7.339324 -1.1545711 9
3.7398806 7.4541631 -1.1450285 25
4.268465 7.4645605 -1.1537712 25
4.5481801 7.498878 -1.1632392 23
4.6628742 7.4730396 -1.1624541 22.5
4.8984213 7.4219866 -1.1616471 7
4.9266934 7.4627886 -1.1672556 13
3.8282385 7.560329 -1.1596473 29
4.3680253 7.5764089 -1.1694715 26
4.4268117 7.5410347 -1.1661221 22.5
4.6271305 7.5195441 -1.167394 24
4.7733212 7.5055637 -1.168843 25.333334
4.849978 7.5025315 -1.1702243 18
4.2876744 7.674253 -1.1803879 22.333334
3.8208041 7.7208867 -1.1802256 31
4.1442771 7.752553 -1.1881602 25.6
3.8065729 7.8706779 -1.1994512 26
-5.6999283 8.1105623 -1.1840676 5
3.351145 8.3614817 -1.103604 48
3.8078473 8.4636774 -1.1136637 40
4.0162964 8.9722891 -1.1719079 22
4.383564 10.092914 -1.1074338 31
4.2953777 10.153826 -1.1145059 17
4.1468368 10.37945 -1.1390846 30
4.2444606 10.340675 -1.133909 25.5
4.0483346 10.467594 -1.1493809 30
4.0013347 10.539177 -1.1573451 27
3.9603729 10.627853 -1.1670046 27
3.9145865 10.756207 -1.1808468 26.5
3.8939631 10.853298 -1.1911254 27
4.2819777 12.258088 -1.1019922 26
4.2399101 12.381128 -1.1136284 28
4.1504993 12.435729 -1.1205199 26.5
3.9186335 12.861151 -1.163489 30
3.8325014 13.00906 -1.1787572 27
3.7416427 13.148826 -1.1935395 31
3.8200793 13.112889 -1.1882015 28
4.0214853 15.517653 -1.114822 0
4.3432374 15.535683 -1.1051913 34
4.3459187 15.726028 -1.1186602 44
4.2687001 16.422819 -1.1710308 30
4.2371716 16.509764 -1.1783437 35
4.2123365 16.623674 -1.1873649 34
3.0011952 -13.025658 -1.08946 10
3.1247091 -12.819807 -1.0691869 9
3.1851442 -12.722541 -1.059611 10
3.2307389 -12.653273 -1.0527408 10.5
2.1000168 -12.502772 -1.0791706 18
3.2780244 -12.583295 -1.0457861 11
3.308068 -12.538223 -1.0413322 10
3.3466628 -12.474167 -1.0351425 10
1.3424358 -12.202698 -1.0847853 5
3.4831252 -12.266446 -1.0148723 11
3.5114291 -12.220937 -1.0105063 7
1.3735178 -12.138955 -1.0783271 6
3.5717106 -12.136764 -1.0022397 7
1.4603343 -12.064331 -1.0687159 22.5
1.5519768 -12.032602 -1.0624375 40
2.2104435 -12.009048 -1.0354344 6
1.7584429 -11.987602 -1.0506454 27.5
1.8715909 -11.968207 -1.0447261 28.5
1.9685094 -11.966626 -1.0409306 23
2.0736475 -11.908135 -1.0323148 3
2.1130471 -11.913286 -1.0312829 4
2.2328787 -11.923653 -1.0277743 25
2.3915386 -11.941378 -1.023577 34
2.5263376 -11.923508 -1.0174983 57.5
2.6997654 -11.911717 -1.010733 1
3.4284058 -10.753784 -1.0977302 16
3.5335286 -10.622912 -1.0833161 5
3.5805237 -10.543927 -1.0750107 3
3.6075201 -10.50938 -1.0712732 2
3.6448812 -10.458399 -1.065824 1.5
3.7036033 -10.365685 -1.0561334 1
3.7688053 -10.244343 -1.0437453 1
3.7858126 -10.186989 -1.0381476 1
3.8267081 -10.103399 -1.0297563 2
3.8738823 -10.038239 -1.0230194 1
3.9620419 -9.896306 -1.0086756 0
4.0013747 -9.8114862 -1.0003649 0
3.6747167 -8.9206944 -1.0947096 1
3.7119122 -8.8534126 -1.0872544 1
3.822504 -8.6581364 -1.0658672 1
3.8790143 -8.5673618 -1.0560393 1
3.9319124 -8.4640598 -1.0450068 1
3.98384 -8.3691463 -1.0349482 1
4.0445609 -8.2622747 -1.0237464 1
4.0900836 -8.1885681 -1.0161011 1
4.1195946 -8.1201143 -1.0090365 1
4.1377449 -8.0929461 -1.0062591 0
3.7854886 -7.5378885 -1.0984027 1
3.8109727 -7.5004811 -1.0941786 1
3.8494339 -7.4315033 -1.0863652 1
3.8902617 -7.3652091 -1.078966 1
3.9126191 -7.3240061 -1.0743676 1
3.956481 -7.2414589 -1.0652148 1
3.9927824 -7.1736898 -1.0577778 1
4.016983 -7.1350183 -1.0536201 1
4.0974007 -6.9900475 -1.0380851 1
4.1132369 -6.9668555 -1.0356826 1
4.1913743 -6.803422 -1.018397 1
4.223567 -6.7341461 -1.0111712 1
4.2674704 -6.6638441 -1.0041478 1
3.8883748 -6.3693466 -1.0975335 2
3.9146836 -6.3228455 -1.0922862 2
3.9539366 -6.2513981 -1.0842774 2
3.9932599 -6.1838078 -1.0768657 2
4.0434847 -6.1106076 -1.0692029 2
4.0724702 -6.0506353 -1.0626169 2
4.2022996 -5.8171296 -1.0382794 2
4.2399621 -5.7402611 -1.030353 1.3333334
4.2876425 -5.6475582 -1.0210155 1
3.9817352 -5.376143 -1.0973943 2
4.0179834 -5.3193288 -1.0915315 2
4.0603905 -5.235672 -1.0825078 2
4.0913382 -5.190145 -1.0780886 2
4.11901 -5.1415243 -1.0731653 2
4.1703291 -5.0367351 -1.0623029 2
4.1975183 -4.9912581 -1.0579549 1
4.2134528 -4.94662 -1.0531242 2
4.259532 -4.8525834 -1.0438632 2
4.3267469 -4.7034717 -1.0292863 3
4.3424816 -4.6686497 -1.0259761 3.25
4.0279222 -4.5145168 -1.0973526 13
4.3735013 -4.5763307 -1.0166427 10
4.0455008 -4.468328 -1.0922393 13.714286
4.4215784 -4.4608426 -1.0058886 11.5
4.0842786 -4.3775702 -1.082675 15
4.1109219 -4.3226061 -1.0772626 14
4.1496859 -4.2537599 -1.071053 16.75
4.1884432 -4.1724348 -1.0633664 16.5
4.2103591 -4.1278253 -1.0593033 16
4.2468925 -4.0530319 -1.0526552 17.5
4.2827945 -3.9776664 -1.0460405 19
4.3024473 -3.933075 -1.0420933 19
4.333077 -3.8607397 -1.0357469 18.25
4.0564146 -3.7390578 -1.0977806 16
4.3745332 -3.7585261 -1.0268866 17.333334
4.0811405 -3.6709893 -1.0908822 14
4.1091752 -3.6099935 -1.0854331 18
4.4106569 -3.6494575 -1.0171039 13.5
4.1294804 -3.558635 -1.0806435 17
4.458056 -3.5124328 -1.0056716 14
4.1752543 -3.4424143 -1.0701658 14.833333
4.4748955 -3.4797034 -1.0035825 14
4.2062511 -3.3686664 -1.0640913 14.857142
4.2461357 -3.2686298 -1.0559651 16.333334
4.2972984 -3.1439455 -1.0465907 13
4.3081694 -3.108979 -1.0436767 17
4.0704451 -3.0124929 -1.0989136 18
4.3322186 -3.0538371 -1.0400051 16
4.082377 -2.9864099 -1.097043 17.25
4.3709574 -2.9740295 -1.0353757 17.333334
4.1551771 -2.8155744 -1.0849199 15.5
4.4122744 -2.8673809 -1.0283784 15
4.1737061 -2.7705383 -1.0818807 18
4.4551816 -2.7466426 -1.0205961 17
4.1980004 -2.6905859 -1.075547 19
4.2278032 -2.6304593 -1.0725946 18.200001
4.4854765 -2.6725566 -1.0165992 18.5
4.2586904 -2.553776 -1.068102 16.333334
4.5245442 -2.5508275 -1.0092316 19.75
4.3044472 -2.4397726 -1.0619555 18.5
4.5675998 -2.427943 -1.0028946 17.75
4.3313012 -2.3514445 -1.0564131 18.428572
4.5841727 -2.3884065 -1.0013461 19
4.3680649 -2.2408283 -1.0504338 22
4.1666803 -2.1411142 -1.0987859 16
4.4066181 -2.1382265 -1.0461143 14
4.2077131 -2.0112834 -1.0918348 19
4.4397621 -2.0366914 -1.0416322 13.75
4.2304478 -1.9565288 -1.0901251 16.75
4.4656429 -1.9414282 -1.0370643 17.75
4.2610564 -1.8423799 -1.0842273 18.166666
4.4906187 -1.8586874 -1.0338352 18.5
4.501792 -1.8215642 -1.0324968 18
4.2851605 -1.7716031 -1.0817882 17
4.3009915 -1.719725 -1.0798731 17
4.5146871 -1.7624022 -1.0297517 18
4.3202429 -1.641238 -1.0764729 19.4
4.5486741 -1.637473 -1.0255333 19.666666
4.3435893 -1.5354456 -1.0719396 16
4.5649204 -1.5748969 -1.0235816 20.666666
4.363482 -1.4410731 -1.0682179 19
4.5914392 -1.4508946 -1.0193964 19
4.3905063 -1.3390002 -1.0657524 20
4.6081629 -1.360883 -1.0163698 16.200001
4.4132586 -1.2513697 -1.0640172 21.25
4.6331167 -1.246502 -1.0137198 20
4.4308763 -1.1420311 -1.0604955 19.200001
4.6484966 -1.1632442 -1.0117213 17.5
4.4468637 -1.0705162 -1.0593601 21.666666
4.6700215 -1.0423086 -1.0092821 18.5
4.4637833 -0.97235852 -1.0573229 21.4
4.6874099 -0.9406389 -1.0076554 19
4.2844644 -0.82599646 -1.099829 22
4.4844222 -0.84335959 -1.0551326 19.428572
4.694881 -0.89954013 -1.0072026 15
4.7093654 -0.82413244 -1.0067409 18.5
4.2914782 -0.77003443 -1.0986565 22
4.3045163 -0.72049743 -1.0991983 25.666666
4.4959831 -0.78206569 -1.0547239 20.666666
4.5043831 -0.73118538 -1.0543263 23
4.7207379 -0.74525034 -1.0059235 22
4.3169131 -0.64702278 -1.0988431 21.75
4.5198889 -0.66023415 -1.0547563 17.75
4.7398233 -0.64935553 -1.0061958 22.200001
4.331244 -0.54576433 -1.0983293 20.166666
4.5370326 -0.55554783 -1.054758 18.5
4.7514954 -0.56249422 -1.005873 17
4.3463459 -0.4465588 -1.0986257 21.75
4.5470867 -0.46744305 -1.0543958 20
4.7708631 -0.44652477 -1.0066615 7
4.3593855 -0.35384965 -1.0992463 20.6
4.5656457 -0.34916013 -1.0555352 14.25
4.7883005 -0.35271555 -1.0080578 4.4000001
4.3679767 -0.26363149 -1.0994413 12.333333
4.5770159 -0.24899158 -1.0562736 6.7142859
4.7940412 -0.27871323 -1.0080594 4
4.8032646 -0.22582307 -1.009232 3
4.5878978 -0.14782974 -1.0575974 5
4.8078132 -0.15311328 -1.0096227 3.25
4.5956974 -0.056882124 -1.0588526 4.75
4.6005249 -0.013123428 -1.0598075 5
4.8140697 -0.04916428 -1.0105474 3.25
4.5953135 0.058796886 -1.0591204 5
4.8211331 0.03303254 -1.011979 3.6666667
4.5962906 0.14210089 -1.059958 5.5
4.602047 0.14176013 -1.0610938 6.5
4.8175116 0.16652507 -1.0123985 4
4.5984635 0.26004881 -1.0619662 9
4.6015716 0.23272924 -1.0621246 8.333333
4.8162231 0.24386065 -1.0131499 4
4.6031742 0.35561785 -1.0646762 9.666667
4.8165336 0.3441503 -1.0149043 12.625
4.5990052 0.4149946 -1.0652436 9
4.6061831 0.47077891 -1.0680745 11
4.8183393 0.44490585 -1.0173587 12
4.5977492 0.59277803 -1.0702008 10
4.6056395 0.54422969 -1.0701365 13
4.8200455 0.54872203 -1.020375 13.666667
4.6055903 0.64993656 -1.0737281 9.75
4.8197985 0.64446098 -1.0232722 16.4
4.6069341 0.7440989 -1.0776602 13.333333
4.8215332 0.74971229 -1.0272837 16.166666
4.6102257 0.84507817 -1.0827345 13.333333
4.8256865 0.84102947 -1.0316225 18
4.6138549 0.94722098 -1.0884411 13.333333
4.8286481 0.95947498 -1.037379 17.5
4.6092777 1.0371273 -1.0924288 14.75
4.8271875 1.0336843 -1.0407277 21.666666
4.5977192 1.1701014 -1.0981714 13.5
4.6024199 1.1240582 -1.096202 17
4.8200779 1.1437745 -1.0453368 20.75
4.8099728 1.2618316 -1.0504543 19.333334
4.7911692 1.3691981 -1.054037 13.5
4.8033323 1.3233538 -1.0531125 20
4.7876034 1.4531833 -1.059052 15.333333
5.0307069 1.4500018 -1.0024937 11.428572
4.7662759 1.5522738 -1.0625743 12.5
5.0213733 1.5473528 -1.0072298 12.666667
4.7468166 1.6763113 -1.0687556 11.5
5.00456 1.6673441 -1.0127678 9.5
4.7389302 1.7567793 -1.0739088 9.333333
4.9960437 1.7563385 -1.0178146 17
5.0000834 1.7106748 -1.015123 16
4.7309308 1.8538151 -1.0807323 10.25
4.9924946 1.8498663 -1.0242064 10.5
4.7195683 1.971068 -1.0891999 19
4.9806986 1.9629719 -1.0312951 15
4.705617 2.0623195 -1.0954142 17.4
4.9674783 2.0648222 -1.0377048 10.666667
4.6910648 2.1268959 -1.0992657 9
4.7011547 2.1134381 -1.0995381 16
4.9551263 2.1460216 -1.0428441 13.5
4.9453936 2.2350626 -1.0492668 16
4.9284368 2.3980632 -1.0618879 11
4.9148121 2.4591727 -1.0658748 9.5
5.1979051 2.4830282 -1.0016809 10
5.2054672 2.4664583 -1.0011764 10
4.9054503 2.5485432 -1.0733815 10
5.1920733 2.5609887 -1.0077596 9
5.2011232 2.5044429 -1.0039083 8
4.8820028 2.6481903 -1.0803287 10
5.1760721 2.6596217 -1.0146586 11
4.8610291 2.7568138 -1.0889176 11.75
5.1635838 2.7589359 -1.0223336 10.666667
4.8384542 2.8563557 -1.0967112 12.75
5.1400714 2.8381636 -1.0270953 17
5.1359506 2.9345751 -1.0359697 15
5.1168327 3.0387952 -1.0441793 17.666666
5.0872841 3.1714587 -1.0545056 16.5
5.1013589 3.1128969 -1.0499954 17
5.0697203 3.2270808 -1.0584308 17
5.0309458 3.3673255 -1.0693958 17
4.9967203 3.4869084 -1.0791631 9
5.0067673 3.4361739 -1.0744925 17.75
5.3503671 3.4800427 -1.0008785 10
4.9757781 3.549186 -1.0841203 8.5
5.3420639 3.5302312 -1.005065 9.333333
4.9460025 3.6640148 -1.0944499 9.666667
5.2962556 3.686996 -1.0168445 12
4.9356146 3.7055652 -1.0983152 10
5.2792959 3.758853 -1.0228301 10
5.2571645 3.8346608 -1.0288938 11
5.2109523 3.9800336 -1.0406196 11
5.1913738 4.0427141 -1.045882 10
5.158021 4.1395497 -1.0539495 13
5.1108732 4.2715898 -1.0651715 8
5.0815139 4.35747 -1.0728287 9.333333
5.0520401 4.4519982 -1.0816981 10.333333
5.0217433 4.5476594 -1.090845 9.333333
5.4348369 4.5894499 -1.0006413 8
5.0019445 4.6258922 -1.0988493 10
5.4123368 4.64994 -1.0055553 9
5.3908997 4.7443123 -1.0142491 11.5
5.3675747 4.8391652 -1.0230436 10.666667
5.3426375 4.9294033 -1.0313771 9.5
5.3262887 5.0068507 -1.0389581 9
5.2881212 5.1299582 -1.0504854 9
5.2482471 5.2521567 -1.0620983 9
5.2226052 5.3576503 -1.0728329 9
5.1969857 5.4336123 -1.0802751 9
5.097806 5.5351858 -1.0868943 12
5.1657681 5.5029926 -1.0867386 12
5.711318 5.7870388 -1.0058436 2.5
5.3858566 5.8749294 -1.0011227 24
5.6971622 5.8268347 -1.0093392 2
5.2389479 6.0903873 -1.0186572 12
5.3572612 6.0426259 -1.0180335 25.666666
5.275805 6.1692944 -1.028724 13
5.3286552 6.1115813 -1.024415 23
5.0750241 6.489851 -1.0573529 16
5.1101632 6.4510789 -1.0541217 15
4.9710984 6.5672774 -1.0628676 12
5.037003 6.5389609 -1.0617179 15
5.0218458 6.8042836 -1.0918571 11
3.2794464 7.112082 -1.0965806 40
5.2917123 7.4909844 -1.0186616 15
5.3268709 7.4899664 -1.0191758 13
4.5230598 7.5758104 -1.0170007 36
5.1732397 7.5757618 -1.0255232 20
5.2366772 7.5160375 -1.0203168 17
5.0581322 7.6120658 -1.0275779 23
5.1237388 7.6055555 -1.0278741 25
5.0470376 7.7759194 -1.0447969 26.5
4.8296986 7.8699741 -1.052171 27
4.9226203 7.8530302 -1.0514321 27.5
5.022275 7.8187394 -1.0490234 20
3.1045909 7.9899259 -1.0616304 2
4.5699067 7.9755177 -1.0611361 27
4.6286926 7.9334054 -1.0570279 22.5
4.7433872 7.9263048 -1.0573549 26
2.6901436 8.036972 -1.0712729 0
3.8610702 8.0512915 -1.0663695 25.5
4.1690845 8.0870724 -1.0711251 28
4.2347322 8.0878811 -1.0714829 25
4.3411989 8.0724869 -1.070291 30
4.4277873 8.0381603 -1.0670005 29.666666
4.5283141 8.0184565 -1.065534 30
-5.7410097 8.1114092 -1.0149637 1
-5.6795068 8.1309671 -1.0114582 3
3.36832 8.1899939 -1.0834404 26
3.46697 8.1686287 -1.0805008 30.5
3.5489073 8.1471272 -1.0777185 45.5
3.7433183 8.1309986 -1.0754889 24
3.8260083 8.1064224 -1.0726403 28
3.9631093 8.1269855 -1.0750948 25
4.0487099 8.1681805 -1.0799234 32
4.1609225 8.132 -1.0761514 24
4.2095408 8.1014986 -1.0729041 27
3.034888 8.2188025 -1.0892123 1.5
3.2629745 8.225853 -1.0882595 60
3.408287 8.2117376 -1.0857766 24
4.1149921 8.2324867 -1.0873554 28
4.8919239 9.0942945 -1.0058963 27
4.8216391 9.1011696 -1.006796 29
4.592433 9.2945318 -1.0266984 28
4.6637106 9.2555084 -1.0224777 29.5
4.7381659 9.2186155 -1.0185139 31
4.5744143 9.3305359 -1.0303354 29
4.4568605 9.4601965 -1.0439161 28
4.4520831 9.6041698 -1.0581741 27
4.4607601 9.736887 -1.071243 28
4.4185557 9.9237671 -1.0902005 31
4.9191241 11.290382 -1.0063821 26
4.9019876 11.346146 -1.0113759 28
4.8615918 11.451255 -1.02096 26
4.6996932 11.568434 -1.0339535 29
4.8028798 11.511562 -1.027148 24
4.635437 11.668522 -1.0437385 28.5
4.4677835 11.73166 -1.0525988 27
4.3138714 11.99141 -1.0782727 28
4.4099326 11.908217 -1.0689738 29
4.6368375 14.348685 -1.0116841 40
4.7341032 14.341154 -1.0081716 29
4.6186872 14.443084 -1.0188974 38
4.7449059 14.518822 -1.0203363 33
4.5981812 14.685074 -1.036611 33
4.645237 14.673965 -1.0343522 31
4.5732045 14.772817 -1.0435932 33
4.5159669 14.912396 -1.0552893 33
4.5112915 15.060233 -1.0659102 34
4.4820423 15.131913 -1.0719352 32
4.4281359 15.294258 -1.0852152 31
4.3907228 15.342891 -1.0899012 31
1.1956694 -12.822697 -0.91433895 1
5.9017444 -12.108935 -0.95084524 0
3.6107142 -12.083462 -0.99700528 8
6.0908313 -12.010168 -0.94090235 0
3.6828902 -11.961296 -0.98552966 9
3.708281 -11.911583 -0.98098594 11
5.5351973 -11.971742 -0.94654679 0
5.945529 -11.909061 -0.93560183 0
6.1978045 -11.941647 -0.93448383 0
3.7515726 -11.847664 -0.97488344 11
3.8894346 -11.588216 -0.95128489 25
3.9962683 -11.424722 -0.93609667 7
4.019917 -11.378254 -0.93196678 7
4.084094 -11.278785 -0.92284846 7.5
4.1245146 -11.2257 -0.91786569 9
4.1726327 -11.135308 -0.90989006 10
4.2264695 -11.067842 -0.90357506 10
4.1026311 -9.6220703 -0.98180515 0
4.1387515 -9.5456533 -0.97444367 0
4.1773953 -9.4720545 -0.96735036 0
4.2313681 -9.3559942 -0.95632106 0
4.2920604 -9.2491007 -0.94613713 0
4.3805332 -9.0656881 -0.92901391 0
4.4255643 -8.9769678 -0.920807 0
4.4854736 -8.8508968 -0.90927947 0.5
4.5180182 -8.7782221 -0.90269285 0
4.1699629 -8.0314493 -0.99998474 1
4.1872563 -7.9999313 -0.99678856 0
4.220439 -7.9418097 -0.99092829 0
4.2587166 -7.864646 -0.98318601 0.5
4.2961092 -7.7873626 -0.97548926 1
4.3286433 -7.7281671 -0.96966362 1
4.3739734 -7.6397605 -0.96102256 1
4.4214106 -7.5553732 -0.95289338 1
4.540895 -7.3296432 -0.93151981 1
4.5726666 -7.2422161 -0.92326063 1
4.6164618 -7.1448293 -0.91423434 1
4.6705155 -7.0425444 -0.90499854 1
4.2967978 -6.5951118 -0.99706578 1
4.3191109 -6.559042 -0.9935379 1
4.3630958 -6.4698787 -0.98464632 1
4.4804015 -6.2523937 -0.96377951 1
4.5032158 -6.2015371 -0.95889336 1
4.5423679 -6.1307473 -0.95238125 1
4.5759649 -6.055831 -0.94535035 1
4.7214012 -5.7767973 -0.9206686 1
4.7820396 -5.6485691 -0.90960586 1
4.8311572 -5.5433402 -0.9007284 1
4.4159012 -5.4125404 -0.99857163 1
4.4640265 -5.315949 -0.98951429 1
4.4915237 -5.2683392 -0.98531443 1
4.5093656 -5.2216401 -0.98080188 2
4.5364132 -5.1646643 -0.97562194 1.5
4.5966711 -5.0360689 -0.96415037 2
4.6436429 -4.9292521 -0.95475596 2
4.6805139 -4.8427987 -0.94727921 2
4.6971064 -4.7989936 -0.94343323 2
4.7193737 -4.7463183 -0.93899924 2
4.7579961 -4.6594081 -0.9319368 2
4.7882185 -4.5768189 -0.92499858 2.5
4.8048172 -4.5333929 -0.92145663 3
4.8430214 -4.4412007 -0.91426706 3
4.4690356 -4.3496094 -0.99594992 12.8
4.8888798 -4.3415875 -0.9069941 3
4.5229974 -4.2474747 -0.98786318 16.5
4.9103317 -4.278132 -0.90200573 3
4.56148 -4.1562796 -0.98022461 16.75
4.5952797 -4.0743904 -0.97349441 18
4.6134648 -4.0387588 -0.9709022 17.5
4.6495614 -3.949414 -0.96383649 18
4.6844797 -3.8574119 -0.95664358 18
4.7190514 -3.7486174 -0.9480381 18
4.7630482 -3.6419404 -0.94075602 15
4.7851653 -3.5639403 -0.93478352 14
4.8061028 -3.5038016 -0.93062168 15
4.5476112 -3.3095925 -0.9918806 15
4.8734736 -3.3191767 -0.91882861 12.5
4.8916922 -3.2639346 -0.91532695 11
4.609828 -3.1393051 -0.98017031 10.75
4.9335728 -3.156733 -0.90939748 7.5
4.6288662 -3.0758412 -0.97562701 15.666667
4.9603839 -3.0633667 -0.9036414 14.666667
4.6736946 -2.9691937 -0.96969521 17
4.7137218 -2.8639748 -0.96382391 18
4.7461143 -2.7651868 -0.95810181 17.888889
4.7781219 -2.6716347 -0.95315695 18.666666
4.8002639 -2.6100631 -0.95020705 19
4.8177428 -2.5470192 -0.94675446 17
4.8367653 -2.4912128 -0.94419974 16
4.5976424 -2.3454461 -0.99915141 17
4.6070747 -2.3226855 -0.99832821 19
4.8849082 -2.3376901 -0.93733341 15
4.6221342 -2.2683556 -0.99547541 11.375
4.9164281 -2.2352057 -0.93316549 15
4.6617842 -2.1500669 -0.99058104 18.6
4.9423933 -2.1398482 -0.92923987 14.6
4.6852641 -2.0657299 -0.98680973 17.666666
4.7023044 -2.0140545 -0.98501033 20
4.9669628 -2.0518122 -0.92597741 14.25
4.720695 -1.9362806 -0.98153889 18
4.9917803 -1.9464287 -0.92186344 15.5
5.0031304 -1.9229784 -0.92173177 14
4.7495933 -1.8213513 -0.97708058 19
5.0135522 -1.8662692 -0.91938704 15
4.7675495 -1.7634004 -0.97553319 12.5
5.0431147 -1.7376643 -0.91524088 15.75
4.7906523 -1.6507587 -0.97125113 17
5.056531 -1.6746364 -0.91326714 15.25
4.8154993 -1.5372995 -0.96770537 17.625
5.0802445 -1.5645405 -0.9102416 14.666667
4.8405552 -1.4414413 -0.96572804 19.5
5.0970945 -1.4779027 -0.90792871 14
5.1046758 -1.4450152 -0.90727949 16
4.8592367 -1.3423469 -0.96303099 11.2
5.124692 -1.3360437 -0.90476292 16.200001
4.8729596 -1.2441885 -0.96005845 15.333333
5.1408119 -1.2527448 -0.90323287 17.333334
4.8915963 -1.1608011 -0.95888966 18.75
5.1611452 -1.1577232 -0.90203094 18
4.911088 -1.0483681 -0.95693934 17.714285
5.1825471 -1.0485319 -0.90083027 18.666666
4.9275527 -0.94353086 -0.95535094 15.333333
5.1954088 -0.97881573 -0.90017664 17
5.2072287 -0.93837029 -0.90046823 11
4.9478793 -0.84376389 -0.95495147 17
4.9616032 -0.75927758 -0.95442915 11.25
4.9822536 -0.6435405 -0.95449191 12.166667
4.9946966 -0.56979096 -0.95468235 5
5.003459 -0.52976036 -0.95520556 4
5.0136952 -0.46256533 -0.95555604 3.25
5.02947 -0.35473818 -0.95639849 3.5
5.0443559 -0.23846723 -0.95763654 3
5.0529742 -0.14321701 -0.95854324 3
5.305789 -0.15360534 -0.90059185 3
5.0564671 -0.061302617 -0.95902544 2.25
5.3107638 -0.050985657 -0.90128201 3
5.0633736 0.034624763 -0.96036977 2.6666667
5.3138223 0.06281402 -0.90214062 3
5.0607753 0.14346611 -0.96074277 3.4000001
5.3120284 0.14794943 -0.90253007 3.5
5.05443 0.2666654 -0.96120828 4
5.3092446 0.25412321 -0.90328395 5
5.0525718 0.36878315 -0.96258312 11.333333
5.3019066 0.35991272 -0.90384007 12.333333
5.0487533 0.4608418 -0.9638688 12
5.3035469 0.45651889 -0.90582246 17.333334
5.0480824 0.55870116 -0.96612263 12
5.2973766 0.59018737 -0.90793228 11
5.3024788 0.53588372 -0.90734679 17
5.0539241 0.64073938 -0.96931547 18
5.3024521 0.66730618 -0.91063261 16
5.0554619 0.7434383 -0.97279131 11.5
5.3072433 0.74858952 -0.91362482 11.333333
5.0591297 0.85006905 -0.9771409 13.666667
5.3079128 0.84090614 -0.91665035 12
5.0551 0.93220609 -0.97976524 11.666667
5.3079009 0.95652992 -0.92073411 13
5.0559244 1.0421551 -0.98463458 14.5
5.3102703 1.0503981 -0.9246906 14
5.0537333 1.1526715 -0.98953199 17.333334
5.3098674 1.1514156 -0.92890215 19.25
5.0462232 1.2498918 -0.99339885 17.5
5.3095531 1.2531242 -0.9334929 13.5
5.0355783 1.3497437 -0.99731255 15.333333
5.3035803 1.3326027 -0.93655217 17
5.2932262 1.4378694 -0.94063061 11.666667
5.2839856 1.5738462 -0.94697905 13.333333
5.278842 1.6521522 -0.95093614 16.75
5.2709446 1.729095 -0.95465595 9
5.2609863 1.8624592 -0.96203989 13
5.2587738 1.9496211 -0.96772504 10.333333
5.5618701 1.9683319 -0.90068674 12
5.2553864 2.0272715 -0.97278595 10
5.5594573 2.0402577 -0.90491456 15.666667
5.2434516 2.135046 -0.97924203 12.166667
5.5530272 2.1478095 -0.91117531 17.142857
5.2294092 2.2490008 -0.9862904 13.5
5.5426674 2.2423 -0.9164229 15.5
5.2195263 2.3724601 -0.99501598 9.6000004
5.5333734 2.3412471 -0.9223277 10
5.209795 2.4278917 -0.99844319 11.666667
5.5187216 2.4428828 -0.92812318 12
5.497221 2.6818538 -0.94419235 12
5.4935856 2.7448514 -0.94889283 10.5
5.4769368 2.85976 -0.95666623 10
5.4659266 2.9567642 -0.96380073 16.333334
5.4527049 3.0467317 -0.97032303 17
5.4324903 3.1508899 -0.97764927 15.25
5.3969684 3.2965772 -0.98765045 15
5.4100332 3.2466559 -0.98424256 17.5
5.7850413 3.2555566 -0.90234172 8.5
5.3839588 3.3519886 -0.99165934 13.666667
5.7668228 3.348171 -0.90835822 14.75
5.3652406 3.4185219 -0.99627262 13
5.7503762 3.4460421 -0.91513753 14.333333
5.7282867 3.5488968 -0.92209226 9.333333
5.6934609 3.6770828 -0.93050236 13
5.7091527 3.6366355 -0.92818195 9.333333
5.6832905 3.7379255 -0.93512511 15.5
5.6265507 3.9473522 -0.95010471 11.5
5.5950541 4.0536757 -0.95788378 11
5.6087523 4.0015206 -0.95390528 15
5.5329528 4.2527599 -0.97288465 13.333333
5.477108 4.3962364 -0.98345757 11
5.5020952 4.3442621 -0.97990859 13
5.4694343 4.4275818 -0.98614407 12
5.4397106 4.5456386 -0.99637413 8
5.8777342 4.6448975 -0.90304482 10.5
5.8425827 4.7838821 -0.91383505 10
5.8347244 4.8383541 -0.91846931 9
5.8029981 4.9528227 -0.9275341 11
5.7841568 5.0414162 -0.93500179 7.6666665
5.7583528 5.157145 -0.94485396 9
5.7298427 5.2579389 -0.95328254 10
5.7062535 5.3298564 -0.95924264 9.666667
5.2018776 5.4777784 -0.95128322 14
5.6785026 5.461937 -0.97113031 7
5.2280807 5.5550413 -0.9605431 9
5.3431792 5.5507073 -0.96503597 18
5.6736937 5.5251765 -0.97730118 6
5.732028 5.6399183 -0.9916743 3.5
5.2549438 5.7742038 -0.98497999 16
5.7315102 5.7179651 -0.99963361 2
6.0684228 6.0825047 -0.90083134 8
6.1566381 6.0542102 -0.90118527 4
6.0283599 6.1968918 -0.90997994 11
5.6475739 6.2611337 -0.90456402 24.25
5.5970483 6.3333864 -0.91003162 24
5.395906 6.468915 -0.91786802 9
5.4455934 6.4451756 -0.91680819 10.333333
5.5942864 6.4912715 -0.9251346 29
5.6153421 6.4323111 -0.92002094 16
5.1970553 6.563261 -0.92227435 32
5.2706828 6.5375433 -0.92160279 18.285715
5.3403645 6.5058384 -0.9201287 17
5.4646106 6.588429 -0.93128508 22
5.1859674 6.674746 -0.93318802 16
5.1493778 6.7140913 -0.93636 16
5.2148514 6.9259572 -0.95917434 10
5.1829548 7.0208426 -0.96820533 15
5.2372279 7.0160584 -0.96879071 14.333333
5.2425632 7.995379 -0.90281159 26
5.3273869 7.9857717 -0.90233237 18.5
3.5029492 8.0988159 -0.91743439 6
5.1522927 8.0795345 -0.91020346 28
5.4354839 8.0078697 -0.90491623 26
3.6294312 8.1723757 -0.92350262 5
4.881217 8.1602726 -0.9171375 22.5
4.9408565 8.1396227 -0.91527379 23
5.1225214 8.198925 -0.92116135 25
3.3353746 8.2028866 -0.92978638 2
4.7644691 8.226696 -0.92335427 22
4.8482289 8.2203474 -0.92275828 21
5.0285444 8.2210588 -0.92302144 29
5.1078458 8.2320557 -0.92420363 27
3.507215 8.3107767 -0.93859941 1
3.9817817 8.3702993 -0.94012278 0
4.6770535 8.3429775 -0.93447071 24
4.7279043 8.3110142 -0.93136418 24
4.6781411 8.5285568 -0.95218402 32
4.2692199 8.8728104 -0.98747838 47
4.8791852 8.9415464 -0.9912647 30
5.1645904 10.131038 -0.90640873 26.333334
5.0914621 10.237993 -0.9161669 29
5.0496769 10.353259 -0.92624843 27
4.9612942 10.541651 -0.94316065 26
4.8646183 10.682968 -0.95646238 26
4.8302217 10.826647 -0.9690432 28
4.9222951 11.113693 -0.99150258 30
5.1858392 13.072063 -0.90680367 31
4.8737898 13.126966 -0.91919726 46
4.9525967 13.207891 -0.92259967 41
5.0099249 13.232737 -0.92272127 41
4.8439355 13.547868 -0.94935417 37
4.8266215 13.630817 -0.95564657 34
4.8367095 13.79715 -0.96696621 32
4.7829638 13.918233 -0.97702646 34
4.7743678 14.171007 -0.99500138 32
5.4453192 17.700846 -0.90163541 31
5.4040976 18.357962 -0.93881804 43
5.3737154 18.888273 -0.96881032 30
5.362978 19.070383 -0.97913921 28
4.1555529 -13.220641 -0.82701623 1
4.2229466 -13.054901 -0.81480128 6
4.2648458 -12.954209 -0.80738062 6
4.3079891 -12.859745 -0.80032331 7
1.2089747 -12.556614 -0.89676094 2
1.2306814 -12.385877 -0.88490474 1
1.2881254 -12.179064 -0.86918926 3
1.3207415 -12.12726 -0.86446297 5
2.7353127 -12.121977 -0.80723983 6
1.3884025 -12.05115 -0.85667843 15
1.4609487 -12.020166 -0.85158956 47.5
2.3530452 -12.007594 -0.81449473 4
1.5337687 -11.992813 -0.84674126 74
1.6858038 -11.971941 -0.83901912 95
1.7778373 -11.948236 -0.83369827 90.5
1.8717144 -11.923517 -0.82828128 83
1.947298 -11.917196 -0.82481575 52
2.0676606 -11.947242 -0.82188451 2.5
2.1374016 -11.9064 -0.81653303 10
2.2169435 -11.907872 -0.81349981 27
2.4409418 -11.911219 -0.80506527 34
2.5688417 -11.909517 -0.80012345 47
4.2494979 -11.024723 -0.89980143 12
4.2752304 -10.988997 -0.89654112 13
4.323184 -10.909971 -0.8895486 15
4.3585811 -10.850586 -0.88433254 17.5
4.3909078 -10.779267 -0.87829804 14
4.4382825 -10.703527 -0.87166005 16
4.4833121 -10.623947 -0.86481529 16
4.5368457 -10.520597 -0.85607386 13
4.5864868 -10.455311 -0.85029638 6
4.6448917 -10.32427 -0.83951747 1
4.6741934 -10.260499 -0.83428597 1
4.7748489 -10.052471 -0.81729513 0
4.8177147 -9.9809332 -0.81137329 0
4.8756361 -9.8590622 -0.80159646 0
4.5521998 -8.7064428 -0.89622271 1
4.5701222 -8.674449 -0.89333856 1
4.6017156 -8.6033602 -0.8869977 0
4.6353836 -8.5374594 -0.88114321 0
4.6686053 -8.4714737 -0.87531197 0
4.7141304 -8.3637085 -0.86589718 0
4.7764263 -8.2313232 -0.85444516 0
4.8351259 -8.122551 -0.84515089 0
4.8716483 -8.0399399 -0.83816522 0
4.9061909 -7.9555635 -0.83108318 0
4.9555664 -7.8658333 -0.8236438 0
4.9890413 -7.7829633 -0.81681406 0
5.0025778 -7.7504749 -0.81415331 0
5.045836 -7.6553822 -0.80643409 1
5.0715408 -7.5903139 -0.80118245 1
4.7138238 -6.9293327 -0.89468366 1
4.7549543 -6.8489027 -0.88761091 1
4.7951136 -6.7683353 -0.8805877 1
4.8224077 -6.7169676 -0.87618768 1
4.85606 -6.6374984 -0.86930251 1
4.8741202 -6.5878692 -0.86498642 1
4.9077077 -6.5254059 -0.85980344 1
4.9502921 -6.4319115 -0.85200208 1
4.9872651 -6.35426 -0.84564447 1
5.0105963 -6.3019223 -0.84136993 1
5.0308523 -6.2539797 -0.83746803 1
5.0821757 -6.1478462 -0.82908607 1
5.1096735 -6.1024575 -0.82568169 1
5.1298838 -6.0488644 -0.82141167 1
5.1725454 -5.943707 -0.81322479 1
5.1940565 -5.8930573 -0.80935323 1
4.8433371 -5.5220985 -0.89904678 1
4.8768187 -5.4377451 -0.89189327 1
4.9193068 -5.3466053 -0.88455111 1
4.9636259 -5.2426167 -0.87618589 1
4.9927263 -5.173512 -0.87072128 1
5.0098705 -5.1262693 -0.86692661 1
5.0426846 -5.0462675 -0.86074245 1
5.0813484 -4.9522519 -0.85364312 1
5.1275339 -4.8408132 -0.84545612 1
5.1555538 -4.7651529 -0.83987314 1
5.1867661 -4.6728802 -0.83306623 1.6666666
5.2291451 -4.563087 -0.82543081 2
5.2729354 -4.4550657 -0.81825972 2
5.3072891 -4.3704309 -0.81288052 2
4.9363599 -4.2176552 -0.89769018 3
5.359271 -4.2298737 -0.80407226 2
4.9653573 -4.1417346 -0.89217263 3
5.3667483 -4.1945958 -0.80161434 2
4.9863749 -4.0585165 -0.88567424 8.5
5.0104017 -4.0256844 -0.88421679 3
5.0394897 -3.940923 -0.87836331 3
5.0598574 -3.8954744 -0.8756035 3
5.1153383 -3.726572 -0.86444956 7.6666665
5.1362572 -3.6508503 -0.85938662 9.3999996
5.1591158 -3.574913 -0.85457218 11
5.1905174 -3.4450343 -0.84609228 11
5.2070241 -3.4081798 -0.84432846 11
5.2194619 -3.3634512 -0.84167755 11.5
5.258812 -3.2380669 -0.83481985 17
5.285984 -3.1668692 -0.83148968 14.5
5.3270764 -3.0353787 -0.82497621 12.333333
4.9945908 -2.9757178 -0.89930326 16
5.3537245 -2.9459274 -0.82071495 14.5
5.0320759 -2.8685679 -0.8939513 17
5.3858604 -2.8451436 -0.81630987 16.833334
5.0641408 -2.7656367 -0.88877279 17.428572
5.4186826 -2.73807 -0.81183159 18
5.1035852 -2.6343722 -0.88247913 14
5.4396915 -2.6569362 -0.80831224 19
5.1398172 -2.5100808 -0.87691844 16
5.46522 -2.5513263 -0.80381429 19
5.1653185 -2.4206772 -0.87316591 16
5.4822865 -2.479074 -0.80087245 18
5.1853957 -2.3428967 -0.86988527 14.333333
5.1969328 -2.2949314 -0.86785752 15
5.2114854 -2.252126 -0.86656582 15.5
5.238564 -2.1394472 -0.86227262 13.8
5.2636971 -2.0562689 -0.85989141 16.6
5.294589 -1.9289572 -0.85586721 16.6
5.3095398 -1.8586371 -0.85363328 15.5
5.3368678 -1.7490641 -0.85089809 17
5.3577242 -1.6290202 -0.84734613 16.5
5.370543 -1.5535084 -0.84530491 16.333334
5.3909264 -1.4522188 -0.84319419 15.25
5.3973646 -1.3943104 -0.841537 16
5.4071226 -1.340988 -0.84054464 18
5.4363441 -1.2293174 -0.83978307 17
5.4519482 -1.1326177 -0.8383112 18
5.4589691 -1.0799233 -0.83746266 11.333333
5.196321 -0.95333481 -0.8994751 16
5.2040405 -0.91212225 -0.89923179 6
5.4852061 -0.94881731 -0.83676869 9.75
5.2211413 -0.83753806 -0.8993817 16.5
5.4959826 -0.8573249 -0.83570653 11.333333
5.2313008 -0.73122197 -0.89801365 15.333333
5.5056419 -0.76007009 -0.8346706 12.5
5.2490478 -0.6427505 -0.89843893 7.6666665
5.5241556 -0.64934099 -0.83470869 9.5
5.2625213 -0.55661404 -0.89862901 4
5.5340567 -0.55620855 -0.83438963 4.25
5.2826457 -0.43677738 -0.8995114 3
5.5478148 -0.4550772 -0.83470076 3.3333333
5.2907562 -0.33178371 -0.89941061 3
5.5552564 -0.35722148 -0.83459079 3
5.2971926 -0.26757455 -0.89984477 3
5.5669308 -0.2512095 -0.83541405 4
5.2939305 -0.19986542 -0.89907265 3
5.573195 -0.15040085 -0.83592916 4.6666665
5.5753961 -0.041861281 -0.83630586 6
5.5782661 0.033893671 -0.8369236 6
5.5748296 0.15266974 -0.83731985 14.666667
5.574645 0.23001352 -0.83805579 16.5
5.5690675 0.34286082 -0.83882481 16.833334
5.5668259 0.4560149 -0.84039545 13.166667
5.5764956 0.55210757 -0.84341472 13.75
5.5858221 0.64668095 -0.84662801 10.8
5.589592 0.74306035 -0.84949648 12.75
5.5969119 0.85293221 -0.8534717 10.666667
5.5970187 0.9171201 -0.85544479 10
5.6013155 0.9541564 -0.8571521 11
5.5977879 1.0517393 -0.86008984 11
5.6001601 1.0463413 -0.86016023 11
5.597496 1.1330998 -0.86304796 10.25
5.6005473 1.1751316 -0.86502445 10
5.5910735 1.2544971 -0.86714244 16
5.5882916 1.3537955 -0.87108713 15.333333
5.5774245 1.4590216 -0.87467462 16
5.8961554 1.4632982 -0.8018527 19
5.5772462 1.5278125 -0.87798017 11
5.8908949 1.5362636 -0.80442107 17
5.5715809 1.6548052 -0.88385296 12.25
5.888289 1.652954 -0.80937463 17.833334
5.5660706 1.754631 -0.88863903 9.333333
5.8889294 1.7421383 -0.81363422 14.5
5.567184 1.8322521 -0.89317036 17
5.8918877 1.8705473 -0.82027185 17
5.5629067 1.9359852 -0.89883262 13.666667
5.8888788 1.9725711 -0.82530946 17.4
5.8861976 2.0481994 -0.82916206 16
5.8816056 2.1580997 -0.83491015 17.75
5.8833628 2.2649336 -0.84133238 9
5.8812194 2.3606384 -0.84696966 7.5
5.8720627 2.4599488 -0.85238463 8.25
5.8613482 2.5491681 -0.85720307 8
5.8593922 2.6250775 -0.86209482 8
5.8363724 2.8503532 -0.87581491 13.5
5.8265619 2.9264462 -0.88050747 9
5.8194757 3.0454628 -0.8888219 7.6666665
6.220252 3.0906336 -0.80257714 2
5.8076015 3.1412029 -0.89518809 5.6666665
6.2154393 3.1552794 -0.80652052 1.75
5.7961583 3.214051 -0.89995015 7
6.1990824 3.2639461 -0.81271917 1
6.2114348 3.2084234 -0.80980206 1
6.1851716 3.3530729 -0.81793547 1
6.1702423 3.4545958 -0.82410604 1
6.1515932 3.5560718 -0.8301996 1
6.1295953 3.6552908 -0.83609366 1
6.0951843 3.7845418 -0.84365427 1
6.1117587 3.7411151 -0.84140921 1
6.088048 3.8462496 -0.84797955 1
6.0663109 3.9529905 -0.85500455 1
6.0377903 4.0583158 -0.86174965 2
6.0183811 4.1462674 -0.86783415 2.3333333
5.9858665 4.2604394 -0.87548667 13
5.9565349 4.3671799 -0.88291788 11
5.941925 4.4438238 -0.88875276 8.75
5.8897285 4.5754027 -0.89744329 7
5.9225936 4.5024137 -0.89279848 8
6.3413181 4.8409405 -0.80582458 4.5
6.3144341 4.9465041 -0.81302857 9
6.291501 5.090354 -0.82363343 11
6.3107505 5.0071464 -0.81771851 9
6.2623324 5.1974573 -0.83120638 11
6.2531676 5.2908435 -0.83856589 11
6.2470312 5.3358316 -0.84207964 10
6.2239113 5.4459419 -0.85046488 8.333333
5.1755261 5.5359969 -0.82259589 22
6.2142162 5.5288172 -0.85714316 5
6.2279863 5.628294 -0.86618924 4.5
6.218255 5.7264051 -0.87432861 4
6.1923709 5.8646102 -0.88552499 4.3333335
6.1823754 5.9486637 -0.89261949 3.5
5.831748 6.0777144 -0.89286816 16
6.0757151 6.0521092 -0.89831835 8
5.7211685 6.1666732 -0.89779377 19.333334
5.9015269 6.1095362 -0.89797181 13
5.379982 6.9234967 -0.80815285 8
5.5177073 6.9140253 -0.80908972 26
5.2464371 7.0688014 -0.81951487 26
5.3281851 7.0357628 -0.81739759 25
5.4873815 7.0111523 -0.8169328 16
5.5573359 7.0520205 -0.82125467 15
5.5042777 7.2119422 -0.83457148 24
5.2259316 7.3187551 -0.84151191 22
5.3308973 7.3873992 -0.84845448 22.5
5.2816424 7.4411535 -0.85286731 14
5.4148779 7.4266891 -0.85263479 26
5.222331 7.5823274 -0.8651427 23
5.5715013 7.5833187 -0.8678506 22
5.3626151 7.6485929 -0.87203836 21
5.1794863 7.9561439 -0.89894795 23
5.634037 8.8757648 -0.80145538 33
5.6809497 9.0072203 -0.81138796 31
5.675694 9.1530571 -0.82282114 27
5.6535048 9.2758017 -0.83261931 29
5.6258073 9.3636312 -0.83975744 27
5.5967503 9.4470835 -0.84660178 28
5.5309701 9.5380964 -0.85441989 28
5.6090469 9.5330496 -0.85330945 27
5.4622874 9.6943655 -0.8675701 28
5.5546708 9.6447773 -0.86269528 31
5.3453336 9.7750807 -0.87529868 30
5.426033 9.7015057 -0.86851496 30
5.2848978 9.8819027 -0.88462347 27
5.3207655 9.8026161 -0.87779498 29
5.2598968 9.9093008 -0.88714236 27
5.6298413 11.74957 -0.80574131 31.666666
5.5764775 11.857202 -0.8142007 30
5.5211887 11.936955 -0.82086509 29
5.3349037 12.074426 -0.8346613 28
5.4535437 12.035099 -0.82910991 31.5
5.2732801 12.240129 -0.84747297 28.5
5.2367339 12.422023 -0.86081767 29
5.2522621 12.563292 -0.8700884 35
5.2678108 12.871469 -0.89082158 31.5
5.2347054 12.961155 -0.89785933 31
5.5454521 16.082165 -0.81073749 100
5.6296358 16.15822 -0.81183159 36
5.7456346 16.154449 -0.8075493 31
5.7627158 16.853233 -0.84439141 38
5.7086329 17.037123 -0.85620707 32
5.4611869 17.561571 -0.89350921 30
4.3925009 -12.708294 -0.78860492 6
4.4491277 -12.616381 -0.78137457 7
4.4723277 -12.557192 -0.77712268 6
4.5301614 -12.472497 -0.77034235 8
4.5892949 -12.38676 -0.76349735 11
4.6181426 -12.346073 -0.76023847 12
4.6700668 -12.251453 -0.75311828 10.5
4.7489624 -12.115765 -0.74283433 8
4.7705507 -12.059923 -0.73892063 7
2.6450639 -11.900787 -0.79673177 3
2.76493 -11.910096 -0.79289615 36
2.8386884 -11.916319 -0.79061633 25
2.9275002 -11.920124 -0.78773206 37
3.2123084 -11.932679 -0.77865213 12
3.3329854 -11.932399 -0.77457297 15
3.4380856 -11.945911 -0.7719245 10.5
3.6287258 -11.961998 -0.76672459 8
3.8448298 -11.986101 -0.76138133 0
4.8218484 -11.970403 -0.73221546 10
2.6052039 -11.897418 -0.79800451 4
4.8681984 -11.86508 -0.72474015 13
4.9226713 -11.736216 -0.71569681 15.5
4.9538116 -11.65135 -0.70989048 20
4.972343 -11.599889 -0.70638549 23
5.025557 -11.524432 -0.70060676 15
4.9120636 -9.7782812 -0.7951889 0
4.9596586 -9.6463451 -0.78495896 0
5.0181417 -9.5346527 -0.77613038 0
5.041172 -9.4703655 -0.77121711 0
5.0877266 -9.3452797 -0.76169103 0
5.134336 -9.2335587 -0.75319386 0
5.1645603 -9.172286 -0.74851263 0
5.2477956 -8.9628572 -0.73289484 0
5.3479409 -8.7113562 -0.71446192 0
5.3856983 -8.6172771 -0.70766413 0
5.4251418 -8.5308399 -0.70142937 0
5.086401 -7.5610743 -0.79884905 1
5.2228432 -7.2343087 -0.7731806 1
5.2688437 -7.128859 -0.76512659 1
5.2816534 -7.0994296 -0.76289791 1
5.3094654 -7.0210409 -0.75694907 1
5.4361234 -6.7110181 -0.73415458 1
5.4521346 -6.6876669 -0.73255289 1
5.4921656 -6.566401 -0.72381651 1
5.5050535 -6.5399027 -0.7219792 1
5.5440459 -6.4523749 -0.71592808 1
5.5906687 -6.3499761 -0.70896262 1
5.2605162 -5.7257733 -0.79671669 1
5.2801495 -5.674983 -0.79294121 1
5.3054852 -5.6129055 -0.78841436 1
5.3232694 -5.5767136 -0.7858932 1
5.3677311 -5.4660072 -0.77800411 1
5.3966117 -5.3905458 -0.77268267 1
5.4152889 -5.3414617 -0.76926655 1
5.4475732 -5.2559733 -0.76338649 1
5.4799814 -5.1699152 -0.757581 1
5.5100236 -5.0683928 -0.75058228 1
5.5417824 -4.944653 -0.74207282 5
5.5889201 -4.842195 -0.73595053 2
5.6035323 -4.8028803 -0.7335161 2
5.6205106 -4.7562413 -0.73065329 2
5.650691 -4.6756358 -0.72585201 2
5.6929479 -4.5445852 -0.71813184 2
5.7329597 -4.4289441 -0.71164876 2
5.7612472 -4.349256 -0.70733136 2
5.7848396 -4.2743979 -0.70324421 2
5.3844757 -4.152319 -0.79918903 2
5.4461331 -3.9841945 -0.78942394 1
5.500927 -3.811363 -0.77949351 2
5.5211701 -3.7381167 -0.77529633 2
5.5326591 -3.6797459 -0.77172625 2
5.568449 -3.5576119 -0.7652182 6.75
5.5941525 -3.4552102 -0.75971889 9
5.6061039 -3.4015131 -0.7568205 9
5.6252093 -3.3403847 -0.7539556 10.2
5.6401858 -3.2805545 -0.75097603 14.6
5.6760807 -3.1712127 -0.74630827 9.75
5.704195 -3.0624652 -0.74139309 4
5.7273703 -2.9806614 -0.73800886 10.5
5.7689166 -2.8060377 -0.73071522 16
5.7790718 -2.7714326 -0.7294867 16
5.7926636 -2.6824441 -0.72554159 17
5.8107047 -2.6305487 -0.72405368 16
5.8330121 -2.5276818 -0.72029573 15.5
5.4964781 -2.4331641 -0.79937118 18
5.5005927 -2.4141312 -0.7986089 17
5.8439922 -2.4526243 -0.71730584 13.666667
5.5090828 -2.3549418 -0.79591703 16
5.8695335 -2.3509526 -0.71424162 13.5
5.5316081 -2.2711198 -0.79319483 18.25
5.887413 -2.2598739 -0.7113148 14.75
5.5629215 -2.1362906 -0.7887643 17.666666
5.9069138 -2.1491919 -0.70782995 15.5
5.5777798 -2.0678022 -0.786596 18.666666
5.9320421 -2.0243552 -0.70445955 11.6
5.5972857 -1.980094 -0.78405094 19
5.6057167 -1.9364704 -0.78274471 17.666666
5.942625 -1.9700878 -0.70306766 12.5
5.6270742 -1.8300917 -0.77984607 15.8
5.964057 -1.872691 -0.70093977 15
5.6396151 -1.7629235 -0.77808553 15.2
5.6565742 -1.6548939 -0.775181 14
5.6707115 -1.5719414 -0.77326524 13.5
5.6870046 -1.4683729 -0.77100825 15
5.6957331 -1.3893898 -0.76910758 18.5
5.7067051 -1.3489923 -0.76884025 18.25
5.7295375 -1.2467626 -0.76788092 12
5.7472777 -1.1615844 -0.76717597 19
5.7699814 -1.0512416 -0.76651514 19
5.7837296 -0.95838618 -0.76569408 17.25
5.7926188 -0.87475997 -0.76478553 19
5.8010921 -0.81964743 -0.76455736 19.5
5.8074059 -0.73970509 -0.76377207 19.25
5.8193512 -0.64846021 -0.76355797 19
5.8285131 -0.55411959 -0.76324749 18
5.8402371 -0.44378009 -0.76327896 16.333334
5.8485346 -0.3724702 -0.76354063 18
5.8517504 -0.25568351 -0.76340401 18.25
5.8547611 -0.1383595 -0.76358646 16.5
5.8590693 -0.045088973 -0.76418883 17.666666
5.8599901 0.039345756 -0.76461351 15.5
5.8631735 0.1498107 -0.76568609 17.200001
5.8642969 0.26444459 -0.76689476 14.5
5.8650222 0.34273002 -0.76792043 15
5.8647041 0.44273344 -0.76933378 15.333333
5.8744755 0.53774852 -0.7719363 18.5
5.888689 0.6529513 -0.77565736 15.333333
5.895772 0.74880832 -0.77851486 17.5
6.2435241 0.76565105 -0.70112067 12
5.9068313 0.83301622 -0.78171378 17.333334
6.245542 0.86080408 -0.70339423 10.666667
5.9117084 0.94270211 -0.78518468 14.333333
6.255743 0.95015216 -0.70639068 10
5.9177852 1.0336708 -0.78848499 15
6.2608008 1.0580571 -0.70963299 9.5
5.9112859 1.1496563 -0.79157144 13.666667
6.2648268 1.156219 -0.7127381 12
5.9090977 1.2632515 -0.79534483 15.5
6.2634907 1.2694747 -0.71608138 9.5
5.8971772 1.3689486 -0.79814863 17
5.9051032 1.3444744 -0.79799443 15
6.2633743 1.3493518 -0.71866131 11.333333
5.8966308 1.4081057 -0.79964662 15
6.2597671 1.4562531 -0.72204578 13
6.2547884 1.5502741 -0.72506166 10.5
6.2537727 1.6556835 -0.72903466 9.5
6.246119 1.7177662 -0.73090798 15
6.2515407 1.839789 -0.73647112 12.333333
6.2462826 1.9325279 -0.74013954 12
6.2578034 2.0297296 -0.74550694 15
6.2591968 2.1773548 -0.75272185 15
6.259469 2.2327111 -0.75551045 15
6.2624116 2.3427174 -0.76141196 9.666667
6.2579594 2.4622114 -0.76749212 8.333333
6.2570047 2.5380981 -0.77161455 8
6.2523818 2.6439247 -0.77730298 8
6.244091 2.7419915 -0.78245342 13
6.2358799 2.8440619 -0.78803855 13
6.2323918 2.9453249 -0.79409736 2.2222223
6.2251425 3.0432143 -0.79983509 2
6.616178 3.2197223 -0.70884377 3
6.6091638 3.3359439 -0.71519989 4.3333335
6.5962687 3.425107 -0.71978819 5
6.5999999 3.4531643 -0.72167975 5
6.592165 3.5556502 -0.72751778 2.5
6.6000113 3.5058532 -0.72487861 4
6.5807176 3.6483538 -0.73268968 2.3333333
6.5661149 3.7585535 -0.73893648 1.6666666
6.5509853 3.8600616 -0.74475896 1
6.5349383 3.9528687 -0.75009769 1
6.5194221 4.0520077 -0.75600624 1
6.4905472 4.1905622 -0.76414853 1
6.5050998 4.1140208 -0.75954741 1
6.4782472 4.2499199 -0.76772577 1
6.427928 4.4734006 -0.78162587 1
6.4138441 4.5542364 -0.7870146 1
6.3976102 4.6335034 -0.7922684 1
6.8312745 5.2159657 -0.70467466 11.333333
6.8192539 5.3481851 -0.71340686 11.5
6.7952123 5.4869547 -0.72241199 11
6.8047714 5.4422755 -0.71954179 11
6.8280826 5.6656704 -0.73595476 3
6.8225989 5.7336807 -0.7406767 2.6666667
6.8131008 5.84236 -0.74828422 2
6.7921228 5.9354353 -0.75455642 3.5
6.7745514 6.0325251 -0.76128602 4
6.747179 6.1244526 -0.76747608 5
6.0333982 6.2874212 -0.76499367 30
6.109796 6.2449789 -0.76307768 27
6.2855797 6.2995338 -0.77084208 20
6.3216295 6.256537 -0.76820999 20
6.7279372 6.2418265 -0.77586824 5.5
5.9634438 6.3336024 -0.76741111 28
6.6388688 6.3976579 -0.78579599 7
5.9181032 6.4048643 -0.77236956 36
5.6503558 6.5616713 -0.78098619 17.5
5.7358069 6.5736313 -0.78326052 27
5.8197885 6.5837011 -0.7853933 26
5.9690976 6.5378909 -0.78406668 15
5.8809257 6.6088986 -0.78844017 26
6.0393887 6.696116 -0.79817504 15
5.4256415 7.7480278 -0.71589088 24.666666
5.5300117 7.7377582 -0.71480417 34
5.4707847 7.9139419 -0.72830373 38
5.58951 8.459054 -0.76946169 24
5.6089735 8.4312382 -0.76722395 23
5.7334805 8.4420624 -0.76747894 27
5.5924888 8.5197697 -0.77412415 22
5.5937471 8.6391945 -0.78334051 24
5.612927 8.7845583 -0.79449725 31
6.0562539 10.348851 -0.70476043 29
5.9451241 10.456652 -0.71377963 31
6.0265913 10.445734 -0.7115593 31
5.8722153 10.637087 -0.72691822 31
5.9031591 10.610227 -0.72457004 32
5.8195829 10.737794 -0.73454481 30
5.6696997 10.86319 -0.74584758 27.5
5.7088823 10.814766 -0.7418415 30
5.6377916 10.925577 -0.75064003 27
5.6388865 11.483051 -0.78769374 32
5.7600932 11.411947 -0.78030026 34
5.789113 11.55438 -0.78914839 31
5.9326019 14.318393 -0.70375699 53.333332
5.9421053 14.739371 -0.72562492 36.5
5.4642515 14.821742 -0.74618351 62
5.8698001 14.89866 -0.73645276 31
5.7715659 14.968198 -0.74345356 30.666666
5.8277955 14.928545 -0.73944879 30
5.6861453 15.11764 -0.75430131 30
5.6324444 15.403434 -0.77137744 56
5.6674585 15.642161 -0.78290159 53
1.2640256 -12.433574 -0.66726726 2
1.2967176 -12.353706 -0.66206098 2
1.371526 -12.160263 -0.6496712 6.5
2.4901893 -12.152713 -0.6007461 5
1.4703377 -12.027498 -0.63905108 15.5
2.2815623 -12.096698 -0.60691905 4
1.579806 -11.972855 -0.63162506 137.5
1.6478773 -11.959378 -0.62797987 181.33333
1.7475641 -11.944788 -0.62291116 213.5
1.8599806 -11.923315 -0.61700392 213
1.9349229 -11.907105 -0.61300075 185
2.1748695 -11.946017 -0.60450768 25
2.2946105 -11.96387 -0.60026413 1
2.0283191 -11.893205 -0.60833383 157.5
2.1216264 -11.8786 -0.60366857 84
5.0698676 -11.430522 -0.6940009 9
5.1165137 -11.343783 -0.68778777 9
5.1662416 -11.255083 -0.68142241 12
5.2076912 -11.160831 -0.67496133 11
5.2576795 -11.042003 -0.66691422 14
5.3097148 -10.930255 -0.65927446 13
5.3557749 -10.849569 -0.65360385 7
5.4408455 -10.72176 -0.64441317 7
5.491406 -10.614775 -0.63723302 3
5.4986005 -10.543374 -0.63302821 3
5.5513825 -10.483822 -0.62855101 0
5.5865026 -10.392394 -0.62266755 0
5.6018033 -10.34316 -0.61958474 0
5.6394067 -10.258689 -0.61408788 0
5.6759982 -10.169671 -0.60838771 0
5.7099214 -10.081608 -0.60282212 1
5.459053 -8.4471817 -0.69547558 0
5.4859915 -8.3603859 -0.68939126 0
5.5405736 -8.2447596 -0.68124789 0
5.6608067 -7.9275069 -0.65952355 0
5.6893177 -7.8625808 -0.65514666 0
5.7377529 -7.7375913 -0.6468327 0
5.7773767 -7.6228452 -0.63928944 0
5.9184375 -7.267343 -0.61651772 1
5.9746885 -7.0827966 -0.60504347 1
5.6398463 -6.2039771 -0.6989789 1
5.690237 -6.0839891 -0.69110191 1
5.7038159 -6.041048 -0.68824619 1
5.7435622 -5.9421048 -0.68189818 1
5.7839794 -5.8410439 -0.67551446 1
5.8148537 -5.7421541 -0.66922414 1
5.8500676 -5.644949 -0.66323829 1
5.8771014 -5.5685153 -0.65858924 1
5.9090986 -5.5110927 -0.65539396 1
5.9172173 -5.4493475 -0.65143859 1
5.9407778 -5.3671432 -0.64650625 1
5.9814591 -5.2563233 -0.64018482 1
6.0190773 -5.132472 -0.63310277 1
6.0476952 -5.0479608 -0.62844324 1
6.0823193 -4.940836 -0.62279153 1
6.1024928 -4.8776474 -0.61949563 1
6.1353354 -4.7670784 -0.61379004 1
6.1907187 -4.572701 -0.60405678 1
6.2145357 -4.5131292 -0.60137612 1
5.8722944 -4.0209417 -0.69045019 1
5.890367 -3.9516909 -0.6868751 1.5
5.9195156 -3.8352389 -0.68097311 2
5.9513483 -3.7439098 -0.67694509 2
5.9737301 -3.644454 -0.67210555 2
5.9853611 -3.5868037 -0.66930866 2
6.0220413 -3.4535379 -0.66355276 7.5
6.0478644 -3.3462799 -0.65894574 10
6.0681152 -3.277009 -0.6562649 9
6.0899911 -3.1637695 -0.6514591 11
6.130321 -3.0139129 -0.64605522 10
6.1471457 -2.9246027 -0.64262652 17
6.1677299 -2.8465188 -0.64007527 16
6.186657 -2.7440288 -0.63642663 16.333334
6.1988616 -2.6868982 -0.63455951 17
6.2142591 -2.6106954 -0.63211751 16
6.2211208 -2.524966 -0.62888509 14.333333
6.2363844 -2.4556904 -0.62693578 11.4
6.2542763 -2.3616266 -0.6242395 10
6.2728643 -2.2643609 -0.62164265 10.857142
6.2862635 -2.1694229 -0.6189698 13
6.302619 -2.0846806 -0.61699247 13
6.3302836 -1.9438477 -0.61403441 14.25
5.9678731 -1.8207716 -0.69929457 16
6.3459115 -1.8547376 -0.61223406 16.333334
5.9850311 -1.732965 -0.69749403 15.5
6.3680449 -1.7345303 -0.61009097 17
6.0065503 -1.6249708 -0.69554245 16
6.3863091 -1.6359284 -0.60854912 16.5
6.0131001 -1.5407012 -0.69338673 13.8
6.411798 -1.5016892 -0.60676491 17
6.0312457 -1.4266396 -0.69144762 14
6.4225006 -1.4386545 -0.60596591 16
6.0399275 -1.3728528 -0.69065112 10.25
6.4357629 -1.3418566 -0.60468453 16.333334
6.0616875 -1.2443744 -0.68909138 14.666667
6.4440212 -1.2832408 -0.60399812 15
6.0802064 -1.1502197 -0.68839169 16.166666
6.4688034 -1.1559801 -0.60318762 17
6.0918174 -1.0858183 -0.68794054 16
6.1044121 -1.0271444 -0.68778074 16.5
6.4843397 -1.044695 -0.60232556 16.75
6.1136341 -0.95236844 -0.68713266 15.333333
6.4897919 -0.96120971 -0.6014089 11
6.5008268 -0.94188571 -0.60186005 11
6.1341996 -0.83563906 -0.68687463 15.333333
6.5034699 -0.87793809 -0.60117543 15.666667
6.1472149 -0.72914463 -0.68642861 16
6.5176501 -0.76047683 -0.60073268 17
6.1624184 -0.64637285 -0.68668652 16.333334
6.5383949 -0.65035033 -0.60103297 16.75
6.1674123 -0.54811144 -0.68608606 16
6.5423689 -0.54539376 -0.60047638 17
6.1785479 -0.44447815 -0.68618864 16
6.5534863 -0.44081348 -0.60059577 16.5
6.1823716 -0.35403985 -0.68601912 16
6.5558796 -0.34645349 -0.60049212 15.5
6.1891928 -0.24708857 -0.68637633 15.75
6.5601997 -0.26665521 -0.60070235 15.666667
6.1941833 -0.15923619 -0.68678063 15
6.5698113 -0.16157442 -0.60141253 15.666667
6.2043815 -0.064095169 -0.6878221 15.25
6.5813589 -0.037447255 -0.60252982 15.75
6.2078438 0.054921567 -0.68862462 11
6.5920649 0.041084446 -0.6036002 16
6.2146573 0.1378376 -0.68973541 12.333333
6.5965652 0.16049823 -0.60467076 17
6.2184048 0.25371078 -0.69106054 12.75
6.5998664 0.29483634 -0.60605216 17
6.6016312 0.23778634 -0.60563725 17
6.2228546 0.32390985 -0.69218266 9
6.6051078 0.37899718 -0.60730731 16.200001
6.2180762 0.44249073 -0.69329542 10
6.6109734 0.44235116 -0.60846031 16
6.2178154 0.54276884 -0.69479775 15.5
6.5965505 0.56898201 -0.6092273 14
6.6037307 0.5357883 -0.60923231 9.1999998
6.2267675 0.63542521 -0.69716036 16.200001
6.5995679 0.67584556 -0.61111826 17
6.6014428 0.65411383 -0.61089492 16
6.5974483 0.73907095 -0.61207438 17
6.6021147 0.7712841 -0.61297226 17
6.6163239 0.8586688 -0.61560166 15.25
6.6266966 0.9669711 -0.61855817 12.25
6.6353803 1.055185 -0.62112802 14.75
6.6413918 1.1531477 -0.62389958 12.5
6.6457591 1.2526464 -0.62676793 4.75
6.6469698 1.3455012 -0.62940788 4.25
6.6493168 1.4513299 -0.63266325 4
6.649755 1.5510898 -0.63578749 4.3333335
6.6500626 1.6629874 -0.63947153 5
6.6523881 1.7476556 -0.64252883 5.25
6.6544213 1.8372192 -0.64587116 4.6666665
6.6668653 1.9614751 -0.65130889 2
6.664557 2.0594208 -0.65501374 2.25
6.6720028 2.1713028 -0.66004592 2
6.6763854 2.2671809 -0.66438514 2
6.6742673 2.3369608 -0.6673156 2
6.6715641 2.4431455 -0.67193568 2
6.6680984 2.5535305 -0.67689657 2
6.6622162 2.6200962 -0.67973626 2
6.65521 2.748349 -0.68567991 2.3333333
6.6487627 2.8493857 -0.69047081 2.5
6.6448917 2.9282973 -0.69439316 2
7.079567 3.3896074 -0.60549831 12
7.0769687 3.4704635 -0.60941201 9
7.076508 3.5269079 -0.61223984 5
7.0610962 3.6444995 -0.61767507 2
7.0476189 3.7460432 -0.62249851 2
7.0416679 3.8481469 -0.62774539 2
7.0323448 3.9485304 -0.63289028 2
7.0202942 4.0694656 -0.63919258 1.6666666
7.0089951 4.151329 -0.6434406 1.5
6.9921851 4.2516499 -0.6486401 1
6.9789686 4.3594904 -0.65451694 1
6.9642 4.4508085 -0.65947354 1
6.9493475 4.5398703 -0.66437948 5.5
6.8910527 4.7859368 -0.67800355 9
6.8836117 4.84659 -0.68168962 9
6.8716645 4.9458437 -0.68780017 8
7.3705268 5.9779024 -0.60605258 7
7.3669524 6.0418019 -0.60983402 6
7.3346214 6.2602115 -0.62268609 6
6.2602897 6.3748565 -0.61960918 29
6.3114643 6.3722162 -0.6198042 32
7.3158875 6.3633595 -0.62882626 6
6.1533637 6.4636812 -0.62486517 31.799999
6.5671458 6.458374 -0.6274845 27
7.2834306 6.4964037 -0.63675493 7
7.3022518 6.4317918 -0.63291979 6
5.9958653 6.5752559 -0.63159573 21
6.024519 6.5646915 -0.63101304 23
6.5442791 6.5167484 -0.63115019 19
6.6194735 6.5481119 -0.63381088 19
6.7123885 6.5549402 -0.63501513 28
7.0229998 6.5133615 -0.63514078 6
7.2619696 6.5603437 -0.64055359 10
5.8199978 6.6343217 -0.63492727 20
5.9850631 6.6890569 -0.63941121 28
6.8670621 6.6588359 -0.64311457 40
6.9581847 6.6609201 -0.64404178 18
7.1602974 6.6771913 -0.64696419 14
7.2311053 6.6163859 -0.6437791 12
5.8504834 6.7090373 -0.64027321 30
6.1001234 6.8545728 -0.65140623 24
5.4786158 6.9670229 -0.65780139 36
6.0889606 7.082407 -0.66733074 21.5
5.5602088 7.247107 -0.67829221 31.333334
5.4325829 7.3666286 -0.68724924 19
5.6351905 7.340663 -0.68512774 28
6.1718693 8.8380013 -0.60753453 27
6.2685394 8.8518772 -0.60709274 26
6.2401114 9.0495605 -0.61965334 33
6.3926888 9.3234587 -0.63446677 26
6.3611698 9.4332676 -0.64173746 28
6.4213195 9.425456 -0.64038438 31
6.3192978 9.5299864 -0.64838797 32
5.6689978 9.6444607 -0.66630709 56
6.2776909 9.6304741 -0.65531623 27.5
6.2807536 9.7341366 -0.66178524 28
6.2759886 9.9594612 -0.6760993 28
6.2204175 10.078186 -0.68455893 27.5
6.1454687 10.172462 -0.69184852 27.5
6.118958 10.235849 -0.69637275 28
6.3875818 12.63233 -0.60208952 33
6.3327751 12.768457 -0.61068213 31
6.2978721 12.947347 -0.62091184 31
6.2753596 13.003231 -0.62446654 31
6.227706 13.111364 -0.63149202 33
6.1784029 13.224107 -0.63882899 33
6.167377 13.360054 -0.64621067 30.5
6.0827751 13.560794 -0.65928429 35
6.1267328 13.54483 -0.65706986 34
6.0413342 13.694072 -0.6675424 32
6.0481734 13.822595 -0.6740309 33
5.9938135 14.056741 -0.68802452 31
6.0482078 14.054607 -0.68616056 32
5.4805756 -13.139058 -0.53464049 2
5.5366454 -13.037101 -0.52842766 8
5.5823007 -12.925943 -0.52217942 7
2.5843909 -12.210382 -0.59948367 10
2.3451695 -11.925318 -0.59636992 1
3.7657042 -11.903173 -0.53978831 27
3.932265 -11.907588 -0.53394222 30
4.0368056 -11.90596 -0.53012615 39.5
4.1215816 -11.906217 -0.52712673 40
4.24615 -11.902277 -0.52257156 38.5
4.3509731 -11.900217 -0.51883179 28
4.4437623 -11.914615 -0.51626563 15.5
4.5333281 -11.925539 -0.51367509 12
4.6426458 -11.93025 -0.51017284 10.5
4.7567873 -11.945147 -0.50698614 10
4.871274 -11.952538 -0.50350249 8
4.9450588 -11.971778 -0.50189966 4
2.6298597 -11.881097 -0.58255059 46
2.7077703 -11.879699 -0.5793069 39
2.9089036 -11.888974 -0.57170945 36
3.250458 -11.892197 -0.5585745 32
3.3319945 -11.896313 -0.55564862 30.5
3.4317656 -11.892545 -0.5517031 28
3.5774145 -11.897041 -0.54645586 26.5
5.7255559 -10.035834 -0.59997845 0
5.7493596 -9.9805708 -0.59646302 0
5.7936549 -9.862052 -0.58909202 0
5.9115281 -9.5403709 -0.56939983 0
5.9430828 -9.4237661 -0.56254739 0
5.9825029 -9.3558445 -0.55823874 0
6.0236959 -9.2242737 -0.55051446 0
6.0569777 -9.1287317 -0.54489613 0
6.0911922 -9.0157633 -0.53837717 0
6.1263986 -8.9464464 -0.53419757 0
6.158608 -8.8405685 -0.52816784 0
6.1805339 -8.7836018 -0.52487707 0
6.2048125 -8.7401857 -0.52227795 0
6.2254968 -8.6728745 -0.51849562 0
6.2593637 -8.5616312 -0.51229656 0
6.3027611 -8.4373188 -0.50535613 0
6.3099284 -8.3918819 -0.50294417 0
6.031251 -6.9234505 -0.59534693 1
6.0630441 -6.8287754 -0.58966959 1
6.0877638 -6.7560987 -0.58536035 1
6.1318326 -6.6257963 -0.57772958 1
6.1671267 -6.5378823 -0.57269037 1
6.1986628 -6.4470315 -0.56751746 1
6.2105675 -6.4188352 -0.56593955 1
6.228425 -6.3567095 -0.56243443 1
6.2614284 -6.256249 -0.55686378 1
6.2992973 -6.1495595 -0.55104727 1
6.3042665 -6.1157498 -0.54917157 1
6.3281946 -6.0620308 -0.54633582 1
6.3570347 -5.9733768 -0.54162985 1
6.3867364 -5.8885684 -0.53720361 1
6.4059453 -5.8320103 -0.5342828 1
6.4151282 -5.7831001 -0.53171027 1
6.4578209 -5.6576285 -0.52538514 1
6.4941511 -5.5442262 -0.51976484 1
6.5209923 -5.4439917 -0.5148803 1
6.5899863 -5.2228546 -0.50469697 1
6.5973659 -5.1779685 -0.50259566 1
6.2350802 -4.4383149 -0.59779692 1
6.2619514 -4.3603086 -0.59430528 1
6.2956285 -4.2583928 -0.58982438 1
6.3272967 -4.1542892 -0.58531219 1
6.3511224 -4.0355568 -0.57992172 1
6.3789744 -3.9485509 -0.57644749 1
6.4031572 -3.8567953 -0.57270622 1
6.4408045 -3.6723626 -0.56514728 2.25
6.4638438 -3.5228179 -0.55905282 4
6.4825912 -3.4445274 -0.55623478 7.8333335
6.4950738 -3.3536716 -0.55270225 11
6.5020871 -3.3182406 -0.55143869 12
6.5212264 -3.2557967 -0.54951775 12.142858
6.5554042 -3.1159036 -0.54507178 14.333333
6.5705228 -3.0463619 -0.54289323 10.666667
6.5916362 -2.9458809 -0.53983134 11.666667
6.6124005 -2.8461251 -0.53692245 15
6.6306782 -2.741796 -0.53388977 14.75
6.6486001 -2.6129327 -0.53014988 15
6.6580677 -2.5558846 -0.52863556 15
6.6672306 -2.4908667 -0.52689439 14
6.6878519 -2.3432209 -0.52315426 15
6.7120628 -2.2176974 -0.52050835 12.666667
6.7202883 -2.1622231 -0.51930153 14.4
6.7419019 -2.0461378 -0.51712757 15.75
6.763588 -1.9271728 -0.51507157 14.666667
6.7787919 -1.853834 -0.51400346 15
6.7931566 -1.757737 -0.51245302 14
6.8111839 -1.6549159 -0.51107788 7.375
6.8362885 -1.5296758 -0.50975806 15
6.8436785 -1.4611304 -0.50884151 13.4
6.8554678 -1.3593385 -0.50763088 10
6.8847365 -1.2508901 -0.50732726 5.6666665
6.8941364 -1.1461941 -0.5062843 11.333333
6.899776 -1.0722524 -0.50559342 13
6.9046917 -1.0282106 -0.50530195 13.5
6.9106989 -0.96135151 -0.50483823 15
6.9170184 -0.87228072 -0.50424129 15
6.9290404 -0.7537604 -0.50380224 15
6.9373093 -0.66575795 -0.50357819 15
6.9485049 -0.54722172 -0.50345916 15.333333
6.9533496 -0.46202278 -0.50333887 15
6.9658828 -0.34037593 -0.5038169 15
6.969614 -0.23630814 -0.50405347 15
6.9769897 -0.1401742 -0.50460356 15.333333
6.9835701 -0.051066961 -0.50522804 14
6.99436 0.027005002 -0.50611639 11.5
7.0038242 0.14423621 -0.5072962 14.25
7.0060759 0.23938876 -0.50812113 12.5
7.0149808 0.35223332 -0.50958472 14.333333
7.0174685 0.45276171 -0.51077497 11.5
7.0183797 0.5542534 -0.51205599 12
7.0143394 0.64394915 -0.51305509 14
7.0281954 0.73618019 -0.51510549 10
7.0331764 0.84980851 -0.51720482 13.333333
7.0385137 0.95308 -0.51929593 13.5
7.0441151 1.033309 -0.52110541 11.5
7.05265 1.1422666 -0.52374691 14
7.0608988 1.2314457 -0.52608651 11
7.0676408 1.3530765 -0.52924341 9
7.0677881 1.4536468 -0.53174067 13
7.0702839 1.5428965 -0.53418344 14.25
7.0730729 1.6481272 -0.53720033 15
7.0795283 1.74818 -0.54037595 15
7.0883503 1.8254884 -0.54310215 15
7.099195 1.9452282 -0.54733962 13.666667
7.1047649 1.9868034 -0.54893279 14
7.1087112 2.048358 -0.55114257 12.75
7.116971 2.1371439 -0.5545156 14
7.1191163 2.235868 -0.55806929 10.5
7.1187391 2.3599818 -0.5625667 10.6
7.1170721 2.422544 -0.56483543 16
7.121726 2.5559599 -0.57021189 7.75
7.1153851 2.6375284 -0.5731926 11
7.117691 2.7534037 -0.57807773 9
7.1097226 2.8809679 -0.58316827 10
7.1081033 2.971627 -0.58708602 8.666667
7.1030345 3.0630848 -0.59098494 9
7.0936646 3.1519852 -0.59468955 10
7.5682158 3.883338 -0.50005209 12
7.5648975 3.9567499 -0.50323385 8.5
7.5579195 4.0448222 -0.50703979 10
7.5570393 4.1368332 -0.51122773 8.5
7.5572224 4.2294488 -0.51553595 8.5
7.5488939 4.3357697 -0.52037776 8.5
7.5434623 4.4430389 -0.52541482 10.5
7.5383768 4.5357237 -0.52983332 12
7.5245452 4.6259804 -0.53401703 8.5
7.5139184 4.7171001 -0.5383805 9
7.4985852 4.8557415 -0.54516071 10
7.4869051 4.9670677 -0.55076677 9.5
7.4834523 5.0493226 -0.55509979 10
7.479413 5.1404977 -0.55995148 11
7.4704905 5.2660322 -0.56666225 12.5
7.464119 5.3140469 -0.56921017 12
7.4510975 5.4462094 -0.57638603 12.666667
7.4371276 5.5456042 -0.58179194 13.666667
7.428544 5.6116295 -0.58543259 12
7.4140997 5.7381058 -0.5925312 6.5
7.3941512 5.8435488 -0.59841579 7
5.6823225 6.9972224 -0.50261593 103
5.7465005 6.9848075 -0.50127321 46.333332
5.8159437 6.9780216 -0.50022781 27
5.6779552 7.0581603 -0.50624204 35.5
5.9516244 7.0455465 -0.50292343 36
6.0943942 7.0742674 -0.50335097 31
6.1041279 7.038794 -0.50123924 32
5.6489229 7.1135964 -0.50962991 34
6.1113625 7.1819563 -0.50940621 37
5.7896705 7.4472585 -0.52792591 59
5.8476596 7.914454 -0.55530477 20
5.9163179 7.9525027 -0.55677611 26
5.7560363 8.1027594 -0.56793249 49
7.3495231 8.159173 -0.55531466 1
6.4778008 8.4014912 -0.57725757 23
6.4336691 8.5073338 -0.58410478 25
6.9539661 10.903224 -0.50014669 30
6.9513354 11.04805 -0.50727403 32
7.0275927 11.241493 -0.51476449 32
6.9551978 11.443476 -0.52655816 32
7.0255704 11.432335 -0.52417135 33
6.9195585 11.54553 -0.53253418 29
6.908699 11.608475 -0.5359351 32
6.9026036 11.761837 -0.54369712 35
6.888618 11.821536 -0.54703993 33
6.4893022 11.992006 -0.56664157 47
6.5777636 11.974507 -0.56326258 40
6.841877 11.939141 -0.55416721 30.666666
6.7578278 12.02363 -0.56070369 31
6.7084846 12.116423 -0.56672698 33
6.6386909 12.439317 -0.58497709 30
6.4194655 12.597651 -0.59937894 33
6.5000558 12.555096 -0.59485674 35
7.1666899 17.477959 -0.50097775 32
7.1280489 17.69338 -0.51041746 29
6.685246 17.882763 -0.53521889 0
7.1626582 17.934286 -0.51788217 27
7.1520438 18.572205 -0.5417853 21
1.2145739 -12.441907 -0.45030496 1
1.2428703 -12.338465 -0.44593701 2
1.3091472 -12.214621 -0.43917552 3
1.3431805 -12.174542 -0.43639374 6
1.4328995 -12.119556 -0.4305521 11
5.9289956 -12.121922 -0.47726914 9
1.5244867 -12.083765 -0.42519954 11
1.7291923 -12.020831 -0.41380024 5
5.9494591 -12.062726 -0.47417498 11
1.8398272 -11.983627 -0.40758407 26.5
1.9539021 -11.969073 -0.40189198 124.5
5.2702341 -11.953643 -0.49059504 1
5.7412648 -11.928821 -0.47486186 2
5.990633 -11.957146 -0.4685306 12
5.3537817 -11.889757 -0.4852249 3.5
5.4980831 -11.898298 -0.48106599 20
5.5632887 -11.892014 -0.47877711 11
5.6268296 -11.88181 -0.47638619 4
6.0419102 -11.827778 -0.46162403 14
6.0992522 -11.707886 -0.45497271 18
6.1190562 -11.65678 -0.45228332 17
6.1560001 -11.551021 -0.44685343 16
6.1731195 -11.496377 -0.44411403 17
6.2161355 -11.404638 -0.43912241 20
6.2305422 -11.346483 -0.43633479 19
6.2837396 -11.188455 -0.42839876 20
6.3691015 -11.015001 -0.41901115 20
6.4611917 -10.853747 -0.41003135 5
6.491765 -10.75127 -0.40511268 2
6.514977 -10.713693 -0.40299731 1
6.5296302 -10.662454 -0.40057015 0
6.3503175 -8.3360491 -0.49961105 0
6.3631001 -8.2420387 -0.49469927 0
6.3958473 -8.1513205 -0.48975101 0
6.4258513 -8.0585051 -0.48477188 0
6.4648094 -7.932621 -0.47810414 0
6.4914303 -7.8554435 -0.47402227 0
6.5116091 -7.7550979 -0.46890348 0
6.5550251 -7.6076398 -0.46132886 0
6.592113 -7.5301752 -0.45727178 0
6.6671333 -7.2695632 -0.44428378 0
6.6910844 -7.1950421 -0.44061327 0
6.7004948 -7.1148777 -0.43681312 0
6.7213964 -7.0674267 -0.43447638 0
6.7607899 -6.9320116 -0.42800468 0
6.781786 -6.8438282 -0.42387384 0
6.8120589 -6.7445178 -0.41923061 0
6.8461266 -6.6304274 -0.41396901 0
6.8717055 -6.5488033 -0.41024902 0
6.8923621 -6.4861369 -0.40741411 0
6.9095812 -6.4207449 -0.40449905 0
6.9162397 -6.3663073 -0.40211877 0
6.6118855 -5.1202874 -0.49999374 1
6.6779251 -4.9064503 -0.49080589 1
6.7386436 -4.6346154 -0.47938859 1
6.7664332 -4.5416036 -0.47576049 1
6.798317 -4.3865514 -0.46964577 1
6.8139858 -4.3510284 -0.46843636 1
6.8387356 -4.2442369 -0.46445367 1
6.869482 -4.1364241 -0.46066865 1
6.8881207 -4.0505452 -0.45761454 1
6.9113231 -3.9467466 -0.45404473 1
6.9323149 -3.8566973 -0.45105273 1
6.9547448 -3.7537341 -0.44769216 2
6.9706273 -3.6474147 -0.44418007 2
7.007987 -3.4144933 -0.4369373 4
7.022326 -3.3666105 -0.43567586 5
7.0395088 -3.2426541 -0.43204963 8.333333
7.0619998 -3.1351874 -0.42921802 12.333333
7.08074 -3.0336287 -0.42659181 12.75
7.0946341 -2.9263358 -0.42378959 10.5
7.1175847 -2.8169351 -0.42128402 13.5
7.1266103 -2.7373226 -0.4193466 14
7.1391654 -2.655869 -0.41751364 15
7.1578813 -2.5585597 -0.41552943 13
7.1790133 -2.4432335 -0.41328201 9.1999998
7.1835184 -2.3878016 -0.41209608 14
7.2093453 -2.2613065 -0.40996262 14
7.2316666 -2.1253932 -0.40771115 15.333333
7.2430453 -2.0409977 -0.40635371 15
7.2573872 -1.9452822 -0.40494043 15.5
7.2677393 -1.8676337 -0.40383953 14
7.2908177 -1.7437127 -0.40241536 15
7.2963443 -1.6775306 -0.40152699 14
7.3142843 -1.5528989 -0.40020913 15
7.4828644 0.36962038 -0.40040895 15.5
7.4831033 0.48862046 -0.40158018 11
7.4789982 0.52412713 -0.40182841 12.5
7.4915171 0.6336087 -0.40349263 12.5
7.5036087 0.73065078 -0.40511101 10
7.5191431 0.84127629 -0.40713778 9.5
7.5264168 0.93501091 -0.40876898 11.333333
7.5328369 1.0578781 -0.41095594 12.333333
7.5384002 1.1736422 -0.41314858 11
7.5423217 1.2720765 -0.41510418 13.666667
7.5476213 1.3552643 -0.41689929 14
7.5524187 1.4474986 -0.41894478 14.5
7.5596533 1.5604591 -0.42161053 11.5
7.5669966 1.6256441 -0.4233076 10
7.5695667 1.7390068 -0.42605525 13
7.5741563 1.8549696 -0.42905253 11.5
7.5802922 1.9580268 -0.43189523 14
7.5792141 2.0358882 -0.43394661 11.5
7.5957003 2.168864 -0.43812588 10
7.5943809 2.2333491 -0.43994451 10.5
7.6071424 2.329771 -0.44316602 11.5
7.6136222 2.4457133 -0.44689742 10
7.6205134 2.5999866 -0.45200202 13
7.6288776 2.6698208 -0.45453504 13
7.6302109 2.7521267 -0.45734537 14
7.6321487 2.8487515 -0.46072164 14.5
7.6334081 2.9039414 -0.46269229 16
7.6289587 3.0363045 -0.46734062 14.2
7.6215792 3.1365163 -0.47086161 14.5
7.6084247 3.2400055 -0.47445807 14
7.599802 3.3977597 -0.48041898 10
7.6020818 3.3417017 -0.47825214 15
7.5921998 3.4518015 -0.48240146 9.333333
7.5871463 3.5521693 -0.48637491 12
7.578454 3.6500859 -0.49024519 14.5
7.5706396 3.7508414 -0.49434054 13
7.5688319 3.8339298 -0.49789894 12.666667
8.2083178 5.0860524 -0.40120488 15
8.2006931 5.1525793 -0.40391874 13
8.1934109 5.2557139 -0.40819561 12
8.1936722 5.3403955 -0.41177872 14.333333
8.1712589 5.6499681 -0.42532048 7.5
8.1754656 5.7293911 -0.42889848 6
8.167902 5.838933 -0.43385875 6.5
8.0584698 6.074614 -0.44459581 13
8.0431986 6.1423793 -0.44778058 14
8.0288105 6.2513394 -0.45296478 15.5
8.0138445 6.3204536 -0.4562771 17
6.4536681 6.4564419 -0.46653011 16
8.000989 6.4348769 -0.46181664 17
6.3493419 6.5679016 -0.47314006 37.75
6.6908488 6.5818491 -0.47218677 38
7.4212041 6.579917 -0.4697068 31
7.995615 6.5960121 -0.46972173 16
6.3291645 6.6805563 -0.47945961 24
7.2767649 6.6838531 -0.47543341 37.5
7.3573065 6.6290197 -0.47237638 38.5
7.1581063 6.7651706 -0.48008028 36.666668
7.9859104 6.7378721 -0.47677082 15.5
6.0366774 6.8357739 -0.49018452 25
7.0799975 6.8219867 -0.48337805 39
7.1040635 6.8020725 -0.48222518 38
7.9795542 6.8394632 -0.48187694 17
5.8375669 6.9593344 -0.49894726 14
6.2422791 6.9290233 -0.49392304 6
6.3131509 6.961319 -0.49523437 63
6.4618239 6.9338136 -0.49268794 31.4
7.8956671 6.9417963 -0.48720303 19
7.9692168 6.9170752 -0.48581094 17
6.1557865 7.0084057 -0.49908531 23
6.0780611 8.7800951 -0.41949734 5
7.547905 9.5685654 -0.42303422 31.333334
7.3221226 9.6761637 -0.43294787 32.333332
7.4663382 9.7122946 -0.43142658 33
7.2503295 9.8137045 -0.44097117 33
7.2757635 9.9748058 -0.44794124 34
7.4459119 9.941081 -0.44249496 28
7.374485 10.040683 -0.44876853 29
7.199729 10.199695 -0.4603242 28
7.2440863 10.127735 -0.45587784 29
7.3436203 10.151982 -0.45470819 31
7.2140245 10.425682 -0.47072092 30
7.1407142 10.599153 -0.48079276 32
7.2112093 10.559811 -0.47719249 29
7.1076651 10.621935 -0.48269778 33
6.9706273 10.782066 -0.49383703 31
7.0517182 10.718098 -0.48871654 33
7.4401932 15.60609 -0.42235091 36
7.4598293 15.770016 -0.42749658 29
7.3589835 15.946949 -0.43774629 49
7.4389286 16.2453 -0.44544059 33
7.3946719 16.415907 -0.45332775 37
7.1316118 16.665979 -0.47268766 31
7.3231859 16.668312 -0.46526837 38
7.4287367 16.624754 -0.45957425 36
7.2809701 16.713552 -0.46856475 37
7.1707716 17.041506 -0.48484769 31
2.066834 -11.953615 -0.39625227 64
2.1634421 -11.942167 -0.3915011 31
2.2007825 -11.935165 -0.38959461 26
2.3515193 -11.913826 -0.38212833 23
2.466964 -11.898086 -0.37646091 34
2.5058551 -11.897953 -0.37470558 40
2.6798058 -11.889922 -0.36667731 72.5
2.8561246 -11.878881 -0.35859537 75
2.9539561 -11.875079 -0.35421616 66
3.054302 -11.873969 -0.34982714 57.333332
3.1472375 -11.871356 -0.34573504 51
3.3539801 -11.870499 -0.33684093 41
3.4771228 -11.869902 -0.33158576 38.5
3.5368922 -11.866589 -0.32896087 38
3.6391966 -11.868628 -0.32470292 34.5
3.7234192 -11.869362 -0.32118851 30
3.9509254 -11.872637 -0.31180084 28
4.1418905 -11.876471 -0.30403501 24
6.5440326 -10.611224 -0.39815667 0
6.5781751 -10.514422 -0.39343283 0
6.5918217 -10.463225 -0.39105695 0
6.6248069 -10.335306 -0.38517618 0
6.6811957 -10.171938 -0.37736028 0
6.7205181 -10.059196 -0.37199688 0
6.8728752 -9.5530987 -0.34893396 0
6.9258666 -9.3728876 -0.34091973 0
6.9449673 -9.2160339 -0.33462629 0
7.0942197 -8.7889557 -0.31565568 0
7.1141696 -8.7572393 -0.31408149 0
7.1663675 -8.5711308 -0.30629483 0
7.1894965 -8.4598093 -0.30185676 0
7.2081919 -8.4279842 -0.30034685 0
6.9630423 -6.237082 -0.39643183 0
6.9904566 -6.1336942 -0.39198133 0
7.0125117 -6.0441308 -0.3881892 0
7.040164 -5.9623795 -0.38474932 0
7.0607667 -5.8660736 -0.38081551 0
7.1173334 -5.6499858 -0.37238675 0
7.150423 -5.5102558 -0.36707279 0
7.1680408 -5.4520135 -0.36490488 0
7.1799083 -5.3720102 -0.36194417 0
7.2023964 -5.3182049 -0.36000019 0.5
7.2635159 -5.0296502 -0.34981272 1
7.284811 -4.9596872 -0.34744871 1
7.305491 -4.8896956 -0.34511751 1
7.3339624 -4.7407303 -0.34022138 1
7.3550992 -4.6445308 -0.33714876 1
7.3746281 -4.5476398 -0.33411908 1
7.3971386 -4.4544601 -0.33127975 1
7.4294348 -4.3134522 -0.32710478 1
7.4461803 -4.2603965 -0.32560015 1
7.4630966 -4.1506624 -0.32245013 1
7.4815111 -4.0615549 -0.31998652 1
7.5120173 -3.9237115 -0.31630439 1
7.5435219 -3.7296703 -0.3112857 1
7.5728598 -3.6239021 -0.30876991 1
7.5816412 -3.5399282 -0.30671775 1.5
7.5938134 -3.4371128 -0.30428612 2
7.6077313 -3.3326063 -0.30190414 3
7.3153715 -1.5288833 -0.39990398 15
7.3339949 -1.4349213 -0.39921618 15.4
7.3448162 -1.3523078 -0.39852262 15
7.3542547 -1.2564666 -0.39771631 15
7.3661218 -1.1665577 -0.39715639 15.333333
7.378469 -1.0442387 -0.39641547 15
7.3882642 -0.94559652 -0.39594498 15.333333
7.3955178 -0.85792571 -0.3955667 16
7.3949547 -0.79450041 -0.39516565 16
7.4005928 -0.72398955 -0.39497638 16
7.4038758 -0.62893599 -0.39466912 16
7.4119477 -0.5344277 -0.39461842 15.333333
7.4161377 -0.44369251 -0.39460927 15
7.4264402 -0.34511787 -0.39499557 14.5
7.4306355 -0.25609541 -0.39526063 15.5
7.440619 -0.13967754 -0.39588407 15
7.4504013 -0.052397463 -0.39653084 16
7.4672232 0.058282882 -0.39761928 17.799999
7.4760346 0.14608248 -0.39843741 17
7.478826 0.27314189 -0.39945602 15.666667
7.4826984 0.32207382 -0.39997944 17
8.1421442 1.9443268 -0.30076888 14
8.1436272 2.0490673 -0.30302808 12.333333
8.1563368 2.1465364 -0.30535156 13
8.1668606 2.2535036 -0.30793908 14
8.1752882 2.3529513 -0.31039149 10
8.1698484 2.44573 -0.31258854 8.333333
8.1649399 2.5338273 -0.3147307 7
8.1666899 2.6333499 -0.31731412 9
8.1728153 2.7508347 -0.32049683 13
8.1765871 2.8382649 -0.32292515 12
8.177145 2.9695292 -0.32660186 8
8.1878672 3.0568352 -0.32922706 9
8.1844263 3.1576195 -0.33215332 10.4
8.1863003 3.3295155 -0.33737969 8
8.1942539 3.4388795 -0.34087622 7
8.2137718 3.5490072 -0.34457934 8
8.2213249 3.6186025 -0.34690854 7.5
8.2328196 3.9640877 -0.35866737 11.666667
8.2273388 4.0474691 -0.36154613 10.5
8.2180481 4.1403055 -0.36477578 11
8.2177372 4.253612 -0.36887765 9
8.2137051 4.3498316 -0.3723937 8.5
8.2149353 4.4514961 -0.37620425 9.5
8.2192917 4.5539856 -0.38012946 8.5
8.2220602 4.6576653 -0.38414538 10
8.2204084 4.742938 -0.38746825 15
8.2139225 4.859725 -0.39205685 15.5
8.2165318 4.9666409 -0.39637285 14.5
8.2102194 5.0518084 -0.39980802 15
5.7989864 7.2811713 -0.35585579 28
8.8488741 7.2388034 -0.3014968 16
5.7650447 7.3348112 -0.35903051 2
6.3815107 7.3333993 -0.34645331 36
7.9159613 7.3728218 -0.32081813 8
8.79741 7.3851681 -0.30787507 11
8.8422775 7.3490734 -0.30583793 16
6.8621182 7.4116449 -0.3406803 14
6.9923859 7.4083529 -0.33813614 12
7.1401553 7.4202456 -0.33597073 4
7.7992868 7.499465 -0.32791838 7
8.1409187 7.4816518 -0.3216432 24
8.7367516 7.4523354 -0.31138003 13
7.5833988 7.5751529 -0.33472854 13
7.6563349 7.5514503 -0.33248484 5
8.5049191 7.5157046 -0.31735078 19
8.6623745 7.531539 -0.3155998 18.5
7.5781169 7.711885 -0.34058538 28
8.7118988 7.7410722 -0.32316715 13
8.6502075 7.8116388 -0.32694361 26
7.4052334 8.0760736 -0.35935682 11
7.4488497 8.3548851 -0.37071508 30
7.5258188 8.3083382 -0.36719677 29
7.4139471 8.6096325 -0.3826685 25
7.7801342 12.512503 -0.30094999 31
7.6721087 12.693837 -0.31101176 32
7.7511377 12.639763 -0.3063466 33
7.5718813 12.708577 -0.31509763 39
7.5556893 12.861035 -0.32096523 34
7.5276971 12.996746 -0.32668662 32
7.4179268 13.089133 -0.33388326 35
7.1773076 13.148274 -0.34473953 29
7.2083864 13.107835 -0.34217885 33
7.3790932 13.116266 -0.33624291 34
7.1806383 13.347831 -0.35164714 46
7.2509975 13.573906 -0.35702753 48
6.8221512 13.908021 -0.38495958 0
7.2749257 14.246351 -0.37996984 36
7.3555522 14.285271 -0.37834027 34
7.2393494 14.395598 -0.38662297 66
7.4471188 14.909401 -0.39712673 36
1.6781952 -17.63686 -0.27105233 0
1.7238842 -17.53981 -0.26763105 2
1.8256119 -17.428549 -0.26127303 22
1.8768981 -17.394733 -0.25833544 13
1.7564316 -15.447813 -0.24098328 1
1.7622023 -15.092622 -0.2364502 1
1.8209636 -14.803164 -0.2300943 3
1.8609637 -14.749601 -0.22748438 6
6.8245754 -13.322741 -0.23794985 8
6.8441062 -13.258556 -0.23554818 8
6.8863287 -13.13254 -0.23070246 10
6.9158392 -13.039829 -0.2272051 10
6.9747047 -12.857964 -0.22033572 12
1.7594835 -12.720639 -0.2082451 0
7.0304313 -12.722168 -0.21480049 12
7.063849 -12.636961 -0.2114006 12
1.8021443 -12.463722 -0.20308462 0
1.8271682 -12.366879 -0.20070222 0
4.7278051 -11.901075 -0.28100148 21
5.1624866 -11.937767 -0.26482573 2.5
5.3744831 -11.91102 -0.25586301 12
5.4563103 -11.930704 -0.25323084 17
5.5462275 -11.928465 -0.24971354 21
5.670115 -11.900654 -0.24423315 15
5.9292789 -11.951627 -0.23574419 6.6666665
6.0221543 -11.949614 -0.23219252 4
4.2690001 -11.879736 -0.29892448 23.5
4.3330522 -11.881824 -0.29637286 23
4.4207325 -11.883268 -0.29285648 22
4.5504775 -11.887886 -0.28774786 21
4.6816478 -11.893695 -0.2826443 21
4.7695522 -11.89716 -0.27923101 21
4.8149247 -11.895949 -0.27739519 21
4.9458308 -11.895696 -0.27220607 33
5.0723705 -11.883164 -0.26688597 25
5.2064133 -11.88569 -0.26171234 4
5.3020635 -11.899933 -0.2583729 17
5.7338161 -11.889803 -0.24152039 18
7.2111025 -8.3514576 -0.29758641 0
7.2447248 -8.2582941 -0.29363993 0
7.2914982 -8.049922 -0.28548291 0
7.3448677 -7.8570724 -0.27786189 0
7.376709 -7.7405686 -0.27332729 0
7.3973751 -7.6651154 -0.27041444 0
7.4074626 -7.6274052 -0.26897037 0
7.4319439 -7.5331926 -0.26539737 0
7.4567814 -7.4377308 -0.26181021 0
7.480669 -7.3450799 -0.25836289 0
7.4978523 -7.246954 -0.25488284 0
7.514812 -7.2177229 -0.25365111 0
7.5209961 -7.1531935 -0.25147796 0
7.5486021 -7.0448542 -0.24756494 0
7.5733719 -6.935277 -0.24370261 0
7.5946827 -6.8431892 -0.24048506 0
7.6152921 -6.75387 -0.23739505 0
7.6410232 -6.6699195 -0.23441717 0
7.6682353 -6.5647101 -0.23081142 0
7.6947856 -6.4485641 -0.22692746 0
7.7216415 -6.3386211 -0.22342673 0
7.7350006 -6.2561579 -0.22091492 0
7.7751751 -6.0662894 -0.21510892 0
7.8270507 -5.8060212 -0.20744367 0
7.846118 -5.7225389 -0.20501962 0
7.8611846 -5.6389599 -0.2026726 0
7.8759737 -5.5744843 -0.2008436 0
7.6206379 -3.2221284 -0.29946372 6.5
7.6315961 -3.1179953 -0.29723832 13.333333
7.6364884 -3.0636132 -0.29609793 11.333333
7.6579547 -2.9585819 -0.2940909 6.6666665
7.684063 -2.824141 -0.29163283 11
7.6871452 -2.7554963 -0.29032665 14.666667
7.6968455 -2.6766181 -0.28893527 15
7.723278 -2.5750501 -0.28737918 14
7.7406683 -2.4316945 -0.28510311 15
7.7488122 -2.3564618 -0.28396362 15
7.7612195 -2.2619944 -0.28262681 15
7.7758989 -2.1382623 -0.28096604 15
7.7881808 -2.055547 -0.27995428 14
7.7925148 -1.9760787 -0.27894428 14
7.8116541 -1.8496636 -0.27760333 15
7.8139334 -1.7703563 -0.27670294 15
7.8344636 -1.653602 -0.2757057 14.666667
7.8447838 -1.582309 -0.27511877 15
7.8641696 -1.4425926 -0.27409273 15.5
7.8737621 -1.3489686 -0.27345201 15.333333
7.8875351 -1.2524281 -0.27291864 15.5
7.8935566 -1.1807922 -0.27251807 14.666667
7.901185 -1.1123091 -0.27220196 13
7.9045916 -1.0744896 -0.27203411 14.5
7.9121733 -0.97350979 -0.27162215 15.5
7.919416 -0.85848516 -0.27123952 15
7.9281764 -0.74521405 -0.27099693 14.25
7.9333215 -0.65558553 -0.27085355 14.666667
7.9409981 -0.55427581 -0.27080417 14.5
7.9508581 -0.44044822 -0.27100766 13.5
7.9562125 -0.34375277 -0.27125087 13.666667
7.9628811 -0.23725671 -0.27161476 15
7.9716058 -0.14902979 -0.27204537 15.5
7.9842758 -0.046654832 -0.27266315 15.333333
7.9982696 0.02920844 -0.27324814 12
7.9980102 0.13068941 -0.27382544 13
8.0053883 0.1829277 -0.27426803 16
8.0109758 0.25290135 -0.27483854 15.25
8.0206375 0.36272496 -0.27582461 13
8.0316601 0.46005869 -0.27682123 10.6
8.0418625 0.57746577 -0.27808428 8.666667
8.0482578 0.65952861 -0.27902585 8.5
8.0631447 0.75059199 -0.28024971 8.5
8.0682621 0.84918505 -0.28149015 8.5
8.076148 0.94265389 -0.28278461 9.666667
8.0878782 1.0405564 -0.28426337 12.666667
8.0940695 1.1586165 -0.28604156 10.75
8.0959835 1.2256991 -0.28707263 14
8.1042776 1.2661874 -0.28781813 14
8.104455 1.3319256 -0.28886867 14
8.1098318 1.4568847 -0.29102907 13
8.1154976 1.5334102 -0.29244196 14.5
8.1177855 1.6202967 -0.29405013 13.75
8.1247234 1.7502446 -0.29661396 13
8.1331882 1.8461535 -0.29863006 12
8.9576044 4.2572203 -0.20142615 11
8.9578419 4.3793774 -0.20478329 11.5
8.9703512 4.4736009 -0.20732014 12
8.982439 4.5852671 -0.21039209 11
8.9914913 4.6609869 -0.21249618 10.5
9.0001049 4.7369189 -0.21462484 12
9.0050974 4.8318262 -0.21736231 4
9.0289268 4.953814 -0.22078496 3
9.03895 5.070013 -0.22419816 2.5
9.0424719 5.1672988 -0.22712985 2
9.0557137 5.2499981 -0.22956133 1
9.0518618 5.3617826 -0.23307723 0
9.0543499 5.4410233 -0.23555143 0
9.1044712 5.6270742 -0.24100384 1
9.0784922 5.7694268 -0.24588381 1
9.1065302 5.7468309 -0.24486332 1
8.9861307 5.8714309 -0.25019902 3
9.0550451 5.8146544 -0.24760711 1.5
8.7852526 6.1897807 -0.2635546 27
8.8632736 6.1605487 -0.26159912 11
8.9099874 6.1485181 -0.26063529 18
9.7724829 6.1528645 -0.25142425 0
9.9577665 6.1794033 -0.2504462 0
10.204271 6.1960411 -0.24858515 1
8.9124022 6.3738937 -0.26858908 16.666666
8.7776413 6.6486454 -0.28025049 13
8.8728619 6.7620025 -0.28320605 15
8.8639002 6.8872256 -0.28798202 16
8.8616295 6.9298668 -0.28960916 15
8.786376 7.0534286 -0.29528862 14
8.8412685 7.0285063 -0.29359287 12.5
8.338172 10.421164 -0.2123995 31
8.3564301 10.576573 -0.2168223 31
8.3510714 10.727983 -0.22190088 34
8.1814737 10.978846 -0.23566793 31
8.3417578 10.900278 -0.22781241 24
8.0858364 11.210869 -0.24651256 32
8.1151972 11.397763 -0.2517297 32
8.1291199 11.491512 -0.25438005 32
8.0833807 11.58362 -0.25899476 35
8.1100492 11.544784 -0.25679383 34
8.0388155 11.67418 -0.2635417 31
8.0003214 11.774465 -0.26822326 32
7.9699855 11.88788 -0.27308539 33
7.9645872 11.959459 -0.27568829 32
7.8793602 12.079829 -0.2827096 31
7.9881086 12.074086 -0.27875364 33
7.8437099 12.18996 -0.28769413 32
7.7982349 12.28672 -0.29258448 32
7.8430877 12.271754 -0.29050377 30
7.7995739 12.457322 -0.29837322 30
7.1623249 -12.276498 -0.19866627 11.333333
1.8718959 -12.137203 -0.19577239 1
1.907909 -12.119236 -0.19379346 7
1.9810016 -12.090868 -0.18987614 16
2.057605 -12.083672 -0.18604302 22.5
2.1321027 -12.064295 -0.18217053 27
2.2111256 -12.057761 -0.17823479 31
2.3265009 -12.04762 -0.17248601 0
2.4348142 -12.046996 -0.16720229 0
2.5786054 -12.021381 -0.15990388 0
2.6546216 -12.008497 -0.15605746 1.5
2.7690322 -11.990211 -0.15028884 6.5
2.8396771 -11.9726 -0.14668392 6
2.9036958 -11.963766 -0.14355257 5
3.1704292 -11.906785 -0.13015758 41
3.2886326 -11.898947 -0.12444384 55
3.3686309 -11.896912 -0.12062209 40
3.4081047 -11.893775 -0.11871349 36
3.5705678 -11.88693 -0.11094429 28
3.6913767 -11.87446 -0.10509737 28
3.7730341 -11.873529 -0.10123728 31
7.2647142 -11.87565 -0.18492638 20
7.3117437 -11.740419 -0.17989594 21
7.3551059 -11.606499 -0.17504942 19
7.3762946 -11.559679 -0.17314938 20
7.3962212 -11.432438 -0.169319 24
7.4265575 -11.357563 -0.1664297 22.5
7.4713702 -11.157081 -0.15998352 21
7.6320658 -10.65483 -0.14242506 12.5
7.6817732 -10.509837 -0.13731942 3
7.7164507 -10.419447 -0.13403025 2
7.7322836 -10.37264 -0.13240361 1
7.7536378 -10.266286 -0.12920633 0
7.8841476 -9.7153778 -0.1122595 0
7.9447479 -9.4517689 -0.10437284 0
7.884388 -5.5300393 -0.19961673 0
7.8997841 -5.4775929 -0.19811708 0
7.914906 -5.3776546 -0.19545625 0
7.9441543 -5.2499409 -0.19201575 0.33333334
7.9559669 -5.1857433 -0.1903441 0
7.982388 -5.05933 -0.18708277 1
7.9982114 -4.9625754 -0.18467851 1
8.0070381 -4.9330554 -0.18391496 1
8.018383 -4.8529854 -0.18198992 1
8.0575056 -4.6397705 -0.17692786 1
8.0673504 -4.5552101 -0.1750323 1
8.0970821 -4.4359288 -0.17228077 1
8.1040525 -4.4064627 -0.171616 1
8.1192455 -4.3318548 -0.16997468 1
8.130744 -4.2429147 -0.16811092 1
8.1482267 -4.148644 -0.16613528 1
8.1681776 -4.0669537 -0.1644211 1
8.1832142 -3.9547334 -0.16222151 1
8.1936798 -3.8959734 -0.16107661 1
8.2048597 -3.8536382 -0.16023755 1
8.2182045 -3.7632535 -0.15855329 1
8.2383261 -3.6521714 -0.15651982 1
8.25284 -3.5426931 -0.15460986 1
8.2677412 -3.45644 -0.15313196 1
8.2784719 -3.3994613 -0.1521702 1
8.2873497 -3.2489233 -0.14983752 2
8.2974758 -3.1396334 -0.1481947 4.5
8.3263569 -2.9394474 -0.14529611 8.75
8.3356924 -2.8153534 -0.14365265 14
8.3495569 -2.7318935 -0.14256023 13.666667
8.3575363 -2.6467967 -0.14151606 14.5
8.3731079 -2.5434225 -0.14027542 14.666667
8.3844614 -2.4504008 -0.13921878 14
8.3914175 -2.3835905 -0.13849875 14
8.4001684 -2.3382142 -0.13800602 14
8.4104099 -2.2408185 -0.13702661 14
8.4194803 -2.132937 -0.13601507 15
8.4302435 -2.0547638 -0.13530684 13
8.4426556 -1.9494103 -0.13441361 12
8.4506836 -1.8605441 -0.13372402 13.833333
8.4630222 -1.7277553 -0.13277337 14.5
8.4810858 -1.6182003 -0.1320387 14
8.4845848 -1.5353634 -0.13156731 15
8.4935036 -1.4521773 -0.13111484 15.5
8.5069246 -1.352973 -0.1306213 15
8.5146999 -1.2483233 -0.13017893 14
8.523982 -1.1425519 -0.12979759 14
8.5356674 -1.070822 -0.12956074 15.5
8.548337 -0.95188695 -0.12925543 15
8.5579681 -0.86615813 -0.12908241 15
8.5656166 -0.77032667 -0.1289539 15
8.5794144 -0.65228409 -0.12885816 14
8.587883 -0.57852429 -0.12883675 13
8.5939484 -0.45590234 -0.12908335 12.5
8.602272 -0.41538164 -0.12916654 11
8.6043377 -0.33267164 -0.12940517 11
8.6136618 -0.2502811 -0.12966415 11
8.6230574 -0.15943438 -0.13000232 11.666667
8.630703 -0.030358618 -0.13057607 14
8.6431389 0.024264297 -0.13082688 14
8.6495333 0.13443111 -0.13143529 14.666667
8.6575308 0.23159471 -0.13202314 14.5
8.6745777 0.34272653 -0.13275325 11.5
8.677597 0.4262197 -0.13336337 13
8.6923084 0.53726125 -0.13422066 13
8.6983061 0.60673565 -0.13480072 14
8.7065916 0.66420221 -0.13529235 14
8.7044849 0.74731767 -0.13607647 13
8.7150431 0.86093998 -0.1371728 13
8.7150669 0.94460046 -0.13805237 12.5
8.7251053 1.0582598 -0.13928229 10.5
8.7354479 1.1584153 -0.14042124 8.5
8.7446861 1.2582053 -0.14161849 12.5
8.7467594 1.3448372 -0.14271367 15
8.7578764 1.4410545 -0.14396296 13.666667
8.7645683 1.5180091 -0.14499833 13
8.770916 1.6542139 -0.14693512 10.333333
8.7683249 1.7495323 -0.148369 13
8.7819681 1.8616906 -0.15007019 12
8.7908621 1.9680272 -0.15175496 10.333333
8.7966986 2.0476725 -0.15305918 9.333333
8.7960958 2.1463864 -0.15474905 8.333333
8.7965736 2.2250576 -0.15613094 8
8.8014307 2.2557695 -0.15666193 8
8.7994633 2.3458843 -0.1583069 12
8.8124695 2.4436665 -0.16008414 12.333333
8.8206482 2.545862 -0.16201031 13.5
8.8313351 2.6259813 -0.16353621 13
8.8407211 2.7503378 -0.16600323 8
8.8495913 2.8448813 -0.16791704 7
8.8459978 2.94257 -0.17000408 7
8.8487749 3.0942216 -0.17329141 6
8.8592138 3.1708672 -0.17495005 7.3333335
8.8601303 3.2569933 -0.17689937 10
8.8711557 3.3561559 -0.17913495 7
8.8886051 3.4585915 -0.1814559 10
8.9025574 3.5787871 -0.18426919 8.5
8.9231977 3.6683488 -0.18634468 7
8.9303236 3.7204313 -0.1875952 9
8.9393826 3.8250785 -0.19017139 8.5
8.9474249 3.9451671 -0.19320151 14
8.7228985 7.0577941 -0.10008691 25
8.7251568 7.1386151 -0.1022421 26.25
9.3552399 7.8986063 -0.10578653 20
8.5993052 7.9489207 -0.12868381 38
9.2383423 7.9266467 -0.10984921 25
8.6132088 8.0110941 -0.13008608 42
9.2418747 8.0804882 -0.1140891 27
9.129837 8.1370201 -0.11887851 28
9.0507507 8.2240829 -0.12363066 30
8.6509619 8.3796234 -0.13977367 29.5
8.7789011 8.3688698 -0.13570707 29
8.2383528 8.4796848 -0.15502478 34
8.4563437 8.4811983 -0.14855027 29
8.5681744 8.4577847 -0.14453226 29
8.6016731 8.4112587 -0.14216028 30
8.437314 8.5329294 -0.15066884 29.333334
8.2952909 8.6429014 -0.15825114 32
8.3053188 8.7338886 -0.16071254 32
8.3812122 9.0605726 -0.16839679 28
8.4163094 9.1540136 -0.17019717 34
8.2893944 9.2503462 -0.17709033 35
8.3045387 9.382802 -0.180748 39
8.50879 9.4288988 -0.17584179 31
8.4366131 9.6487551 -0.18494616 33.5
8.3796854 9.7076035 -0.18857519 33
8.8822832 17.861341 -0.10292359 33
5.8670602 -12.049043 -0.0062231291 6
5.5193577 -11.901141 -0.020497207 24
5.7750268 -11.956079 -0.0094149504 3
3.846159 -11.870653 -0.097763099 32.599998
3.9354823 -11.8662 -0.09351293 34
4.0619717 -11.865141 -0.087568171 36
4.1674762 -11.868235 -0.082663685 33
4.2705183 -11.862926 -0.077787071 32
4.3579593 -11.864746 -0.073728919 30
4.4214034 -11.864399 -0.070768282 29
4.5292726 -11.868095 -0.065790355 27
4.6360083 -11.867071 -0.060820989 25
4.7444859 -11.868855 -0.055810679 25
4.8345094 -11.87092 -0.051668592 24
4.9435673 -11.870884 -0.046627671 30.5
5.031446 -11.868245 -0.042544596 38
5.1431775 -11.874256 -0.037462123 11
5.2434511 -11.899869 -0.033132169 3
5.3261032 -11.884605 -0.02916852 4
5.4263315 -11.895917 -0.024700483 15
5.6261358 -11.885906 -0.015450953 10.5
5.8873682 -11.896066 -0.0036533109 6
7.9872341 -9.2308836 -0.098116323 0
8.0135145 -9.2026272 -0.096664354 0
8.0385227 -9.0576515 -0.092699379 0
8.065999 -8.952281 -0.089549445 0
8.1060076 -8.790822 -0.084824592 0
8.1342049 -8.6547594 -0.081053503 0
8.1635342 -8.5218229 -0.077342734 0
8.1707888 -8.4758825 -0.076156378 0
8.1818705 -8.3812599 -0.073839113 0
8.2061663 -8.3010473 -0.07143572 0
8.2110481 -8.2509947 -0.070255607 0
8.2314234 -8.1680498 -0.067935281 0
8.258028 -8.0665531 -0.065066412 0
8.2749405 -7.9568348 -0.062339872 0
8.2942038 -7.8727145 -0.060080878 0
8.3014145 -7.8300462 -0.059014246 0
8.3225174 -7.7516279 -0.056835573 0
8.3347111 -7.6171899 -0.053823959 0
8.3540115 -7.5600882 -0.052148573 0
8.3857126 -7.4222999 -0.048559781 0
8.3909636 -7.3799524 -0.047594182 0
8.4050636 -7.3455472 -0.046529762 0
8.4266167 -7.2225018 -0.043577559 0
8.4290972 -7.1329918 -0.041821774 0
8.4528494 -7.0171132 -0.039076876 0
8.5101767 -6.7591858 -0.033071674 0
8.5392895 -6.6403003 -0.030288694 0
8.5976791 -6.3438663 -0.023890011 0
8.642333 -6.0410528 -0.017980201 0
8.656868 -5.9567184 -0.016322283 0
8.6697397 -5.8452244 -0.014320358 0
8.7126532 -5.6346679 -0.010161287 0
8.7253284 -5.5778909 -0.0090334658 0
8.7364788 -5.4476261 -0.0069278004 0
8.7569561 -5.3457184 -0.005021092 0
8.764308 -5.2366929 -0.00337096 0
8.7785349 -5.1568437 -0.0019682841 0
9.8107376 3.861155 -0.00074942538 9.5
9.8273287 3.9569051 -0.0021040272 12.5
9.8438025 4.0352445 -0.003162317 14
9.873292 4.1387506 -0.0044103479 4.5
9.8981228 4.2413917 -0.0057675652 10
9.897625 4.3149304 -0.0071666087 5
9.922348 4.3996196 -0.0082255071 2
9.9367619 4.4618707 -0.0090982569 2
9.9471188 4.5426145 -0.010428935 2
9.9721737 4.6496053 -0.011957764 2.3333333
10.017342 4.7465243 -0.012846767 1
9.9743261 4.8433418 -0.015778936 1.5
9.7483902 4.9480333 -0.023153592 25
9.9469843 4.9607062 -0.018801691 2
9.6979494 5.0578089 -0.02662845 16
9.7206678 5.030581 -0.025524028 21
9.6812992 5.1473179 -0.028917583 11.5
9.6610737 5.2550149 -0.031705588 20.5
9.9076214 5.4853482 -0.030843122 3
9.7367973 5.5969505 -0.037399087 8
9.8764362 5.5926805 -0.033945113 3
9.9223108 5.5338407 -0.031553574 3
9.7089834 5.6625719 -0.039540913 8
9.7262135 5.7131186 -0.040261146 7
9.8548918 5.8902102 -0.041148253 11
9.6760044 5.933733 -0.046525277 11
9.7011948 5.9070525 -0.045290761 8
9.4603796 6.0944009 -0.055636346 20
9.7693434 6.0734234 -0.047467519 35
9.7676144 6.1147642 -0.04847559 46
9.4500084 6.2375183 -0.059368778 23
9.4472084 6.3422565 -0.062053081 18.666666
8.7574358 6.4494486 -0.082862385 21.5
8.8648977 6.4398785 -0.07976307 8
9.0792875 6.4403672 -0.07411959 9
9.1520767 6.4474988 -0.072391681 14
9.2216883 6.451992 -0.070683688 19
9.3557224 6.4537587 -0.067234606 19
9.4389839 6.4371305 -0.064649753 20.333334
8.7414265 6.5364976 -0.085576192 20.6
8.7394152 6.747716 -0.091246158 13
8.7378111 6.8887548 -0.095085457 15
9.1901379 13.402114 -0.00042127768 40
9.2193708 13.53299 -0.0016715893 37
9.2159309 13.618191 -0.0034786125 35
9.1625013 13.722934 -0.0078768898 34
9.179821 13.933567 -0.011218909 35
9.2119532 14.080649 -0.012663195 34
9.1990757 14.156569 -0.014716691 34
9.0871153 14.373547 -0.023944315 37
9.1165714 14.321029 -0.021604877 38
9.0857058 14.569404 -0.027861664 38
9.0895824 14.675974 -0.029789545 35
9.0165625 14.769213 -0.034880385 33
8.9852533 14.821697 -0.037317298 35
8.9768372 14.91156 -0.039472654 33
9.0190601 15.24432 -0.044181261 35
8.9501829 15.399992 -0.050363574 36
8.9289656 15.584419 -0.054992259 37
8.7887278 15.679667 -0.063206866 35
8.7668104 15.761322 -0.065823704 32
8.8370352 16.116796 -0.069775611 37
8.894022 16.336996 -0.071619838 34
8.763833 16.586451 -0.08253403 33
8.8097811 16.547844 -0.079673007 32
8.7366943 16.660151 -0.085251629 32
8.718605 16.75148 -0.087916411 31
8.73808 17.179766 -0.095682107 21
8.8095636 17.449106 -0.097881645 34
2.121037 -17.711485 0.061816197 0
1.8886027 -15.438874 0.037861306 0
7.7846708 -15.042969 0.048813339 9
1.9284447 -14.98188 0.037500903 0
1.9579085 -14.848721 0.038317882 0
7.8387389 -14.858515 0.053225555 9
1.9959929 -14.782862 0.039934434 0
2.0606613 -14.741284 0.043053214 13
2.1733394 -14.708312 0.048701644 26
2.220515 -14.709105 0.051145963 1
7.8784208 -14.710164 0.056593459 9
7.8976851 -14.636019 0.05824833 9
7.9408598 -14.498309 0.061648827 8
7.9792838 -14.348756 0.064950049 10
8.0274591 -14.225072 0.068412632 10
8.0672121 -14.140092 0.071086742 7.5
8.0964022 -14.037751 0.073463686 7
8.1358376 -13.898762 0.076670185 7
2.1060932 -13.406976 0.038403608 73
2.1395001 -13.348783 0.039830416 109
8.2405233 -13.346556 0.087027453 8
8.2786369 -13.173885 0.090482511 8
3.1693625 -13.08262 0.092134602 1
8.2876492 -13.097071 0.091661863 9
8.3196249 -12.967207 0.0943968 9
8.3482046 -12.829274 0.097049862 9
8.3709126 -12.689667 0.099457063 11
2.0894439 -12.558112 0.033105947 0
2.108007 -12.43308 0.033417575 0
3.307981 -12.302256 0.095309474 0
2.155731 -12.253879 0.034963127 0
3.3510845 -12.258458 0.097333826 1
2.180923 -12.163839 0.035803344 2
2.2729151 -12.130081 0.040416494 9.5
2.349144 -12.117095 0.044322915 9
3.3676577 -12.0737 0.09724544 0
3.4253328 -11.990438 0.099831119 0
5.9924779 -11.919203 0.00087632606 5
6.0588617 -11.957175 0.0034847446 4
8.8100786 -5.0191507 0.00057768397 0
8.8085012 -4.9813843 0.00101963 0
8.8242626 -4.8419437 0.003133619 1
8.8389301 -4.7774372 0.0042705876 1
8.8549366 -4.6581044 0.0060721799 1
8.8970852 -4.3769116 0.010253036 1
8.907074 -4.3352585 0.010937626 1
8.9238214 -4.2853532 0.011860989 1
8.9291172 -4.1667266 0.013229391 1
8.9490242 -4.0710735 0.014658213 1
8.9653931 -3.9761972 0.015969189 1
8.9759369 -3.8698614 0.017227193 1
8.9953032 -3.7345362 0.018910393 1
9.0123568 -3.6084263 0.020405114 1
9.022624 -3.5610712 0.021036731 1
9.0337582 -3.466608 0.022069637 1
9.0497847 -3.3908157 0.023032811 1
9.0626259 -3.2634745 0.024297003 1.5
9.0744514 -3.1222773 0.025587697 7
9.0719833 -3.0554233 0.026001789 12
9.0844288 -2.9160368 0.027197594 12
9.0915966 -2.854058 0.027741218 5.5
9.096962 -2.7286108 0.028613055 13
9.107769 -2.6690881 0.029181018 14
9.1249428 -2.547262 0.030202992 15
9.1372833 -2.4728827 0.030839074 15
9.152914 -2.3758388 0.031629268 15
9.166688 -2.2159979 0.03261159 13
9.1765251 -2.1467111 0.033088751 7.6666665
9.1869726 -2.0963635 0.033492908 6
9.2065601 -1.9632099 0.034351498 7.5
9.2205 -1.8482804 0.034979764 11.666667
9.2365017 -1.7638769 0.035528332 4.8000002
9.2485981 -1.6502004 0.036035433 3
9.2643881 -1.5414091 0.036561485 6.3333335
9.2740364 -1.4425335 0.036910731 12
9.280118 -1.3374112 0.037156537 9
9.2929277 -1.2334418 0.037496462 6
9.3099861 -1.1347752 0.037882034 4.3333335
9.3156967 -1.0551536 0.038006291 10.5
9.3229256 -0.9364801 0.038123976 8
9.3378601 -0.84853441 0.038370676 12
9.3341084 -0.75711644 0.038210936 13.5
9.3380737 -0.64506733 0.038145654 14
9.3405561 -0.56764579 0.037970275 14
9.3391104 -0.45859325 0.037570965 15.5
9.3409395 -0.36907437 0.037271883 15.333333
9.3458042 -0.26433396 0.036938623 12
9.3521023 -0.16071755 0.036594909 10.666667
9.3553343 -0.050372481 0.036118194 11.333333
9.3613768 0.063303426 0.035635106 15
9.3688154 0.15845092 0.03523853 11.666667
9.3713493 0.25806075 0.034688458 12
9.380744 0.35796452 0.034231257 10
9.3918524 0.43887717 0.03390374 9.5
9.4107933 0.58904588 0.033201557 8
9.4121914 0.63402617 0.032889873 7.5
9.4252024 0.74144077 0.032310616 7
9.4354544 0.85497814 0.031580623 7.75
9.4602385 0.97194088 0.031068938 9
9.4715977 1.079107 0.030330224 9
9.4806252 1.125639 0.030077513 10.5
9.4888468 1.2552733 0.028998783 7.6666665
9.498436 1.358428 0.02816288 8
9.5053673 1.4532111 0.027323306 11.5
9.5153065 1.562516 0.026356759 12.5
9.5206919 1.6510168 0.025488758 9.333333
9.5271912 1.736618 0.024653342 7.5
9.5288267 1.8303502 0.023599258 8
9.5555649 1.9612174 0.022572091 8
9.5658855 2.0589695 0.021576356 8
9.5806208 2.1253214 0.021040006 8
9.5921049 2.2232058 0.020012824 7
9.6053371 2.2918477 0.019383881 7
9.6067924 2.3563428 0.018551992 7
9.6237278 2.4570322 0.01752883 7
9.6352673 2.5590043 0.016347308 7
9.6639175 2.7628827 0.014005859 7.5
9.6777258 2.8326879 0.013261829 7
9.6772652 2.9118283 0.012063473 7.6666665
9.6912012 3.0383151 0.010413702 7
9.6947489 3.1402268 0.008889379 8
9.6892023 3.2757618 0.0065957834 10
9.6955118 3.3459408 0.0055826413 12
9.7003784 3.3817401 0.0050957492 10
9.712698 3.4201531 0.0047223177 7
9.7370672 3.5512638 0.0030423175 11.5
9.7547245 3.662066 0.0015230268 14
8.7035532 6.7376871 0.099885926 22
8.7051439 6.8480425 0.098135985 12.5
8.7017021 7.0028353 0.095439285 15
8.6953793 7.178194 0.092253648 17
9.3795938 8.5489187 0.097252756 29
9.3918171 8.6133366 0.096645884 32
9.3508015 8.7660122 0.092275441 29.5
9.3198328 8.8390942 0.089705236 28
9.3412485 8.9531345 0.088604279 29
9.3705282 9.1493835 0.086375207 31
9.3913479 9.2837238 0.084871121 31
9.4659538 9.413682 0.085706435 31
9.4705133 9.7787867 0.079379149 30
9.5191174 9.7265139 0.082372189 30.666666
9.5556812 10.070639 0.077730395 32.333332
9.4691572 10.148574 0.072647735 30
9.503437 10.12124 0.074597791 32
9.2415133 10.35596 0.059164204 27
9.4529047 10.347432 0.068341829 32.333332
9.409173 10.408207 0.065367304 32
9.3520813 10.542006 0.060472857 21
9.3237972 10.643003 0.057400886 38
9.4327869 10.835297 0.058526438 36
9.3945847 10.997115 0.053891003 35
9.4366856 10.976127 0.056089342 33
9.3682194 11.036034 0.052033994 34
9.3558178 11.126084 0.049825411 32
9.4000397 11.283116 0.048800308 33
9.4455166 11.443867 0.047756184 32
9.4922104 11.644913 0.046004038 32
9.3968468 11.719004 0.040755738 33
9.4736118 11.733489 0.043798782 32
9.3849277 11.92975 0.036267772 33
9.3777428 12.073821 0.033234138 35
9.3507242 12.273295 0.028277008 34
9.3209457 12.437907 0.023850113 32.5
9.2476072 12.915367 0.01149795 33
9.1784239 13.037394 0.0061170235 34
9.2061434 13.248763 0.0032517223 35
9.2318649 13.37272 0.0019848549 35
8.3928347 -12.63658 0.10095814 11
8.4202576 -12.507174 0.10346062 12
8.4256124 -12.430956 0.10445488 13
8.4521275 -12.344814 0.10647756 14
8.4757023 -12.250616 0.10844322 17
8.4865103 -12.184487 0.10957057 18
8.506196 -12.131495 0.11095757 21
8.5266275 -12.053223 0.11262142 20.666666
3.5702271 -11.988936 0.10740294 0
4.0347204 -11.966227 0.13164948 0
4.1226463 -11.950941 0.13619412 1
4.2248507 -11.942138 0.14152695 5.5
4.3475599 -11.927065 0.14791298 6
4.4482059 -11.908504 0.15312448 5
8.5474558 -11.949746 0.11454726 21
4.4869027 -11.898007 0.15511228 5
4.5685687 -11.887817 0.1593709 9
4.6517825 -11.880714 0.1637297 17.5
4.7848349 -11.883132 0.17077082 26
4.8497615 -11.882317 0.1742 23
4.9147544 -11.881197 0.17763332 22
5.0476999 -11.88102 0.18467131 21.5
5.1773491 -11.876795 0.19152223 21
5.237957 -11.862919 0.19466889 17.5
8.5750713 -11.830895 0.11691289 21
8.5976009 -11.779683 0.11839281 21
8.6130829 -11.723534 0.11961353 20
8.648035 -11.617699 0.12216149 22
8.6651449 -11.564789 0.12341686 22
8.6986275 -11.458993 0.12589002 22
8.7145872 -11.401387 0.1271297 23
8.7307014 -11.348514 0.12833421 22
8.7519255 -11.266073 0.13003889 20
8.7789698 -11.155697 0.13225396 20.5
8.7976618 -11.071814 0.13385345 21
8.8247881 -11.034652 0.13537791 15
8.8486853 -10.989636 0.13682894 6
8.8621483 -10.831409 0.13888189 0.5
8.8632374 -10.729293 0.13987276 1
8.876317 -10.676708 0.14092207 1
8.9223967 -10.596055 0.14365017 0
8.9843121 -10.464095 0.14751399 0
9.0199289 -10.340227 0.15016261 0
9.0459795 -9.949029 0.15476459 0
9.0613089 -9.8824224 0.15600514 0
9.060235 -9.7779818 0.1568757 0
9.0743141 -9.6384993 0.15868777 0
9.0900755 -9.562789 0.16001298 0
9.1183586 -9.4131851 0.16250011 0
9.1219292 -9.3285122 0.16337416 0
9.1583567 -9.2163782 0.16586535 0
9.1618977 -9.1334505 0.16671324 0
9.1734896 -9.059082 0.16782518 0
9.1843023 -8.9563713 0.16913715 0
9.2008553 -8.9162264 0.17016831 0
9.2148132 -8.814909 0.17158599 0
9.2350349 -8.7236528 0.17318386 0
9.2486439 -8.6270313 0.1745391 0
9.2553253 -8.5519743 0.17542508 0
9.2866535 -8.4434338 0.1776046 0
9.2858925 -8.3365879 0.17842084 0
9.3170109 -8.2592535 0.18032916 0
9.3385487 -8.1191874 0.18231671 0
9.3402901 -8.0435877 0.18297347 0
9.3601475 -7.9585757 0.18445238 0
9.3732834 -7.8434253 0.18587381 0
9.3793898 -7.7984743 0.18637484 0
9.4118748 -7.5749078 0.18913032 0
9.4295835 -7.4432101 0.19067322 0
9.4438076 -7.3077221 0.19207971 0
9.4591284 -7.24828 0.19305734 0
9.4775229 -7.144413 0.19441839 0
9.4885216 -7.0359373 0.19549817 0
9.5363073 -6.6324897 0.19967873 0
10.004904 4.7827363 0.17986773 12
9.9933109 4.8546557 0.17849974 12
10.004608 4.8212194 0.17936501 12
9.9925804 4.9537277 0.1771979 19
9.8218794 5.0654192 0.16911516 29.5
9.9810343 5.0460415 0.17554948 15
9.8021259 5.1532083 0.16718554 18
9.8318062 5.2483025 0.16707322 12
9.7993593 5.3915129 0.16387902 13
9.8076668 5.3161721 0.16522293 11
9.7861862 5.4245019 0.16291581 12
9.987834 5.6145501 0.1682062 10
10.008042 5.669147 0.16825084 12
10.081486 5.7511554 0.16999981 22
10.206198 5.9049745 0.17276143 25
9.8512611 6.1704698 0.15503702 17
10.016197 6.1837106 0.16136341 18
10.107469 6.1947508 0.16480811 18
10.494491 6.198658 0.17999005 20
9.7221937 6.2198591 0.14921696 26
10.280157 6.2092371 0.17141074 18
10.69088 6.2661219 0.18676473 24
9.7153778 6.3159242 0.14754827 25.333334
10.635721 6.3696065 0.18314366 7
8.9520521 6.4429536 0.11477207 19
9.0807848 6.4469137 0.11992779 15
9.2513943 6.4560575 0.12669085 7
9.41712 6.4569149 0.13337076 8
8.7120905 6.5719581 0.10293973 27
8.709774 6.6559086 0.10147786 28
9.8793201 8.2833138 0.12250438 26
9.7143097 8.3571053 0.11443557 32
9.8653107 8.3507118 0.12078802 25.5
9.429492 8.4863739 0.1004116 34
9.6097488 8.480135 0.10800385 34
9.7648153 8.4523525 0.11490646 29
9.6510715 8.5422325 0.1086529 31
2.4904494 -12.778718 0.28236663 6
2.5387616 -12.609635 0.28131986 1
2.5789099 -12.40089 0.27895433 1
2.658565 -12.211432 0.2792486 2
2.7322078 -12.182312 0.28275263 5
2.8912308 -12.164974 0.29128027 12
2.9702547 -12.157704 0.29556325 2
3.0302777 -12.154804 0.29888189 0
6.0280647 -12.106684 0.23785089 1
5.8388114 -11.915244 0.22685303 6
5.3472209 -11.857352 0.20043994 13
5.4617357 -11.850632 0.20648539 17
5.5546389 -11.855471 0.21144581 11.5
5.6776471 -11.874067 0.21807812 6
5.7817931 -11.898833 0.22374032 7
9.5552216 -6.5343304 0.20095968 0
9.5666027 -6.4318099 0.20195283 0
9.5878172 -6.269176 0.20362793 0
9.6149178 -6.1433601 0.20532526 0
9.6149273 -6.0486374 0.2057848 0
9.6291809 -5.9309058 0.20690508 0
9.63976 -5.8328276 0.207775 0
9.6659832 -5.6396203 0.20966457 0
9.6667519 -5.5583892 0.21004367 0
9.6844559 -5.4257107 0.21128945 0
9.7067299 -5.3567457 0.21243842 0
9.7065811 -5.2569051 0.21282727 0
9.7165384 -5.1021295 0.21380252 1
9.7554502 -4.8500748 0.21620676 1
9.766449 -4.7001629 0.21712589 1
9.7815304 -4.6314301 0.21792518 1
9.7892475 -4.539557 0.21850246 1
9.8086262 -4.4348531 0.21955419 1
9.8174038 -4.3269796 0.22019172 1
9.8453045 -4.2076211 0.22157522 1
9.8365231 -4.1670284 0.22134113 1
9.8540621 -4.0523839 0.22228907 1
9.8635378 -3.9834349 0.22280973 1
9.880785 -3.8736324 0.22370544 1
9.8906832 -3.7874558 0.22425792 1
9.9082546 -3.6569257 0.22517118 1
9.9203358 -3.5645237 0.22578919 1
9.9276085 -3.4786136 0.22620253 1
9.9451151 -3.3419595 0.22706147 1
9.962059 -3.1556139 0.22792588 2
9.9633074 -3.0559103 0.22807162 2.6666667
9.9835949 -2.9357362 0.22893608 7.5
9.9944782 -2.8341429 0.22941399 3
9.9947548 -2.7545326 0.22946633 2.3333333
9.9998417 -2.6652272 0.22969431 9
10.017646 -2.5664263 0.23038875 14
10.049631 -2.4057841 0.23159873 3
10.053245 -2.303946 0.23171918 2
10.063237 -2.2058036 0.23206443 2
10.070827 -2.1240416 0.23231287 2.5
10.078397 -2.0590496 0.23256043 3
10.083987 -1.9089704 0.23266192 15
10.087248 -1.8269391 0.23271 12.5
10.09413 -1.7439096 0.23288164 4
10.107581 -1.7133629 0.23334914 3
10.111241 -1.6317201 0.23338734 3
10.12252 -1.5404935 0.23368526 3
10.125593 -1.4353427 0.23364189 7
10.13052 -1.3869908 0.23374736 9
10.135803 -1.2734041 0.23374546 10
10.143938 -1.1422828 0.23379317 14
10.145029 -1.0611217 0.23366195 14.5
10.146488 -0.96388239 0.23349749 11
10.158456 -0.8659699 0.23370548 12.333333
10.173263 -0.73677331 0.23391952 15
10.182501 -0.60700333 0.23376232 15
10.180445 -0.54207528 0.23339972 15
10.181659 -0.44505373 0.23300445 14.5
10.192686 -0.33054858 0.23287395 14
10.187459 -0.24951176 0.23228495 13
10.197882 -0.15193386 0.23217744 10.5
10.199289 -0.070227921 0.23180595 10.5
10.208012 0.010523508 0.23169799 13
10.219837 0.1399866 0.23142052 15
10.228868 0.22289446 0.23128369 16.5
10.2317 0.31483749 0.2308504 16
10.241339 0.43598688 0.23047712 14
10.249765 0.55991846 0.2300165 15.4
10.254675 0.66441625 0.22952689 16
10.262926 0.75648731 0.22922625 15.5
10.273278 0.8635003 0.22888575 13
10.283751 0.98002028 0.22846583 12
10.287231 1.0305359 0.22823913 9
10.300871 1.0976421 0.22826234 9
10.303844 1.1474183 0.22801042 8
10.320924 1.2493347 0.22789094 9.5
10.331064 1.3177395 0.22775282 9.5
10.359639 1.4377998 0.22789077 7.3333335
10.384783 1.5256872 0.22813666 8.5
10.403429 1.5795755 0.2284032 8
10.413988 1.6316266 0.2283769 8
10.439598 1.7538872 0.2283304 10
10.469479 1.8797162 0.22839418 10
10.479572 1.9498364 0.22817349 10.5
10.49325 2.0495455 0.22782318 8
10.504232 2.1445308 0.22739962 6.5
10.530116 2.2893331 0.22707281 7
10.543308 2.361877 0.22690341 7
10.55996 2.4725442 0.22650635 8
10.560178 2.5077646 0.22618489 6
10.585992 2.6314838 0.22598119 6.3333335
10.609164 2.7444618 0.22576372 8.666667
10.62468 2.8271909 0.22553974 11
10.638258 2.9566934 0.22476742 8
10.666256 3.0366704 0.22501649 9
10.690531 3.1355486 0.22492573 10.5
10.712809 3.2530937 0.22455564 12
10.727722 3.3499584 0.22410569 9
10.762905 3.4536583 0.22433883 6
10.798841 3.5985081 0.22414704 11
10.803135 3.6756008 0.22347282 7
10.803182 3.7135909 0.22305873 7
10.855455 3.8458471 0.22358033 3
10.864993 3.9283092 0.2230259 7
10.872913 4.0215464 0.22227664 14.333333
10.879494 4.1474953 0.22108948 15
10.878981 4.2061563 0.22039393 9
10.888987 4.3702374 0.21886601 15
10.893398 4.4516926 0.2180721 14.5
10.78332 4.5694447 0.21245421 7
10.886275 4.5712681 0.21637703 9
10.578653 4.62359 0.20394632 25.5
10.780786 4.6485023 0.21140143 14
8.650404 6.8831854 0.28868774 29
8.7397022 6.8388844 0.29383552 19
8.6471138 6.9395676 0.28817418 25
8.6423521 7.1601434 0.28661373 27
8.6384382 7.2328577 0.28597343 15
2.2828217 -15.195449 0.32467943 2
2.3135777 -15.065104 0.32344371 2
2.3777812 -14.868298 0.32256091 2
2.4156179 -14.809245 0.32331601 2
2.5253286 -14.755705 0.32814461 6.5
2.6675625 -14.737886 0.33558428 15
4.2091203 -13.445217 0.39425558 0
3.3656468 -12.105341 0.31681392 0
3.404633 -12.098307 0.31888443 0
4.1623459 -12.035666 0.36126697 8.5
4.2699337 -12.039645 0.36764014 4
4.3144217 -12.044723 0.37035412 2
10.108784 4.7973523 0.37995252 25
9.964922 4.8879318 0.37163961 16
10.063965 4.8935065 0.37699345 23
10.060604 5.0118032 0.37617436 13
10.07386 5.2772522 0.37546301 28.5
10.20912 5.2441463 0.38299784 21
10.300526 5.248764 0.38794488 17
10.058552 5.3726673 0.37411907 24
10.039263 5.4439454 0.37268764 21.5
10.026683 5.5189066 0.37160024 20
9.6690168 6.1659598 0.34869897 19.333334
9.7682114 6.1701035 0.35407019 9
9.9362059 6.1862764 0.36311844 15
10.020424 6.1936655 0.36765844 18
9.6325893 6.214345 0.34646183 25
10.189287 6.2070384 0.37676924 19
10.318748 6.2392921 0.38363647 27
9.6344786 6.3011737 0.34610328 18
9.6210384 6.6682076 0.34314811 11
9.6163769 6.7781754 0.342233 13
8.9546909 6.8455024 0.30557457 20
9.0145006 6.8453116 0.30885297 19
9.6037483 6.8598032 0.34105173 10
9.6053905 6.9063697 0.34086266 10
10.453014 8.7328358 0.37649819 16
10.578209 8.9771576 0.38192505 30
10.688556 9.1258059 0.38709563 31
10.729473 9.276062 0.38846064 33
10.76463 9.364439 0.38987041 33
11.024355 10.207996 0.39921528 36
10.885945 10.405828 0.39053351 33
10.784584 10.571185 0.38406155 34
10.695666 10.61737 0.37894857 31
10.829494 10.949265 0.38437593 32
10.733417 11.062576 0.37850365 32
10.794452 11.333392 0.38031575 31
10.956422 11.716037 0.38700852 43
11.094819 12.009192 0.39291781 33
11.083263 12.151644 0.39150542 30
11.048077 12.266018 0.38895553 34
11.063869 12.360066 0.38929531 33
10.960707 12.440228 0.38323656 33
10.841508 12.50659 0.37639251 32
10.53449 13.032981 0.35711741 51
10.591334 13.358521 0.35846567 39
10.696144 13.402103 0.36392236 34
10.667619 13.538492 0.36164448 30
10.992085 14.241112 0.37551033 35.666668
10.870075 14.427508 0.36791754 39
10.932148 14.414913 0.37134877 37
10.84527 14.582429 0.36575964 34
10.773341 14.676848 0.3613677 35
10.814221 14.636062 0.36379614 34
10.763394 14.759188 0.36039749 32
10.697231 14.862932 0.3562735 34
10.724469 14.80306 0.35806036 30
10.618444 14.950249 0.35155451 56
10.804292 15.412756 0.35921487 31
10.795612 15.502487 0.35828042 32
10.783778 15.692053 0.35666302 32
10.806457 15.934645 0.35663912 31
10.788465 16.015118 0.35525346 34
10.854679 16.328314 0.35722455 31
10.846207 16.425804 0.35626841 36
10.626577 16.547981 0.34380385 85
2.6123974 -18.069349 0.40677741 0
9.0316496 -17.81469 0.42519152 16
9.0543995 -17.722082 0.42596653 16
9.0830469 -17.499889 0.42643976 15
9.0893335 -17.379122 0.42620578 15
9.118741 -17.173262 0.42680809 14
9.1345139 -17.073967 0.42718485 13
9.1683006 -16.882612 0.42809579 11
9.1902227 -16.797537 0.42887005 9
9.2405519 -16.512974 0.43023586 10
9.3001366 -16.142437 0.43171322 24
9.3155594 -15.818012 0.43104351 29
9.3056364 -15.688933 0.42991987 29
9.3114557 -15.587496 0.42976859 30
9.3243027 -15.444113 0.42980433 31
9.3486547 -15.321397 0.43055433 25
9.3713341 -15.250992 0.43145233 15
9.4110241 -15.044586 0.43264866 8
9.4347868 -14.823332 0.43292961 8
9.4421663 -14.73297 0.43292153 8
9.4859896 -14.494225 0.43420902 10
9.5188608 -14.347565 0.43532848 12
9.5458841 -14.290897 0.43653405 11
9.6925135 -13.565109 0.44126093 10
9.6974831 -13.482594 0.44117215 10
9.735918 -13.26614 0.44231114 9
9.7464428 -13.193604 0.44256914 10
9.7880058 -13.034897 0.44413978 15.5
5.4456744 -12.729523 0.45180234 0
5.5263486 -12.697087 0.45596558 0
5.6480842 -12.649785 0.46230891 0
9.9382095 -12.356203 0.4494074 20
9.9541712 -12.296853 0.4500266 18
10.007626 -12.050467 0.45191032 16
10.011936 -11.979001 0.45185062 16
10.042295 -11.858953 0.45300356 18
10.059628 -11.77916 0.4536202 16.666666
10.077412 -11.675714 0.45416686 19
10.110839 -11.566793 0.45554289 17
10.174751 -11.273627 0.45784223 21
10.245493 -11.034409 0.46074814 7.5
10.256227 -10.942088 0.46096823 2
10.276916 -10.823204 0.46162656 1
10.289089 -10.700563 0.46181139 0
10.291971 -10.636473 0.46171942 0
10.299638 -10.511416 0.46165419 0
10.307251 -10.453271 0.46184599 0
10.315042 -10.326846 0.46178171 0
10.325536 -10.208194 0.46190083 0
10.33466 -10.153171 0.46219009 0
10.352179 -10.043254 0.4627319 0
10.359774 -9.954483 0.46280873 0
10.378403 -9.8768816 0.4635345 0
10.387687 -9.7619467 0.46361172 0
10.386098 -9.6991291 0.46329042 0
10.390873 -9.5819368 0.46311733 0
10.400232 -9.5302105 0.46343917 0
10.419951 -9.425025 0.46412858 0
10.428183 -9.3138285 0.46417135 0
10.433425 -9.2596598 0.46426123 0
10.446204 -9.1541348 0.46457952 0
10.462708 -9.049572 0.46510208 0
10.473686 -8.944438 0.46532768 0
10.468503 -8.8266315 0.46462104 0
10.477761 -8.7781563 0.46495745 0
10.506197 -8.6589947 0.46591401 0
10.51392 -8.5545807 0.46585858 0
10.52149 -8.4783068 0.46592242 0
10.541046 -8.2580395 0.46598479 0
10.582056 -7.8827481 0.46651474 0
10.578997 -7.7485781 0.46574596 0
10.585457 -7.6510839 0.46565875 0
10.59385 -7.5810294 0.46579987 0
10.60462 -7.5382423 0.46619201 0
10.610448 -7.4744325 0.46622196 0
10.614342 -7.3920312 0.46606442 0
10.617676 -7.2459483 0.46559405 0
10.643711 -7.1141562 0.46641743 0
10.653837 -7.0481715 0.46667323 0
10.670315 -6.9866128 0.46729329 0
10.678688 -6.8483853 0.46713448 0
10.69243 -6.7595935 0.46748546 0
10.704588 -6.6495495 0.46765876 0
10.70552 -6.5334496 0.46719742 0
10.702147 -6.4850483 0.46680146 0
10.730699 -6.2247281 0.46720457 0
10.741922 -6.1408577 0.46744591 0
10.744103 -5.9161811 0.46658069 0
10.752194 -5.8764205 0.46684617 0
10.760882 -5.7575746 0.46679944 0
10.774011 -5.6231179 0.46692607 0
10.779196 -5.5609365 0.46693742 0
10.784717 -5.4562469 0.46678284 1
10.792797 -5.3748107 0.46686843 1
10.808251 -5.2527456 0.4671787 1
10.814223 -5.1573148 0.46709108 1
10.828727 -5.0514345 0.4674218 2
10.842808 -4.9735079 0.46785051 3
10.856257 -4.8761239 0.46816224 3.5
10.872538 -4.7804599 0.46863613 2
10.874149 -4.6561685 0.46819031 2.5
10.886733 -4.5599899 0.46846274 6
10.876927 -4.4952221 0.46765363 10
10.870718 -4.3300161 0.46661127 16
10.878603 -4.2337227 0.4666298 16
10.89252 -4.1270423 0.46693313 15
10.901797 -3.9451599 0.46666592 5
10.938174 -3.8673325 0.46831393 1.6666666
10.956649 -3.7291975 0.46873435 1
10.965044 -3.635464 0.46879587 0
10.975262 -3.5682967 0.46906891 0
10.989319 -3.4503868 0.46933785 0
10.996776 -3.3181992 0.46918893 0
11.001436 -3.3576922 0.46960759 0
11.002344 -3.2439976 0.46918151 1
11.02028 -3.1589193 0.46980035 0.66666669
11.024088 -3.097132 0.46974978 0
11.032866 -2.9680586 0.46968937 0
11.044765 -2.8265955 0.46974823 1
11.049412 -2.7463896 0.46966779 1
11.060894 -2.6750293 0.46999681 1
11.081426 -2.5367062 0.47054091 0.33333334
11.092097 -2.4493089 0.4707602 0
11.102381 -2.3320017 0.47083631 0
11.105371 -2.2592754 0.47069985 0
11.12308 -2.1510613 0.47121778 0
11.135393 -2.0439458 0.47144842 0
11.129091 -1.9678917 0.47079325 0
11.142597 -1.8794971 0.47116673 0
11.164211 -1.774353 0.47191352 0
11.165118 -1.6658757 0.47152072 0
11.172707 -1.526589 0.47136617 0
11.191414 -1.4691479 0.47215068 0
11.187487 -1.3596179 0.47149253 0.5
11.186537 -1.2507501 0.47099963 1
11.196474 -1.1622422 0.47118253 2.5
11.185827 -1.0716156 0.4702372 12
11.180167 -0.96194935 0.46948606 13.5
11.187269 -0.855618 0.46944451 11.5
11.194975 -0.78300911 0.46957141 11
11.215649 -0.62407291 0.46983701 11.5
11.216763 -0.57064569 0.46960646 12
11.2202 -0.46290934 0.46920609 13.5
11.226666 -0.35534638 0.46897143 12
11.227633 -0.26633805 0.46853745 10.5
11.224537 -0.14069197 0.46768242 12
11.230012 -0.033040602 0.46739224 13
11.23425 0.0025093786 0.46742782 13
11.251384 0.14564486 0.4675754 9.333333
11.260454 0.27189714 0.46737784 10
11.270466 0.3613683 0.46743065 10
11.271097 0.47061607 0.46686724 11
11.269049 0.52419353 0.4664619 9.5
11.282341 0.66799283 0.46639475 9.5
11.293233 0.75827307 0.46649069 11
11.300496 0.83259928 0.46647891 11
11.312641 0.94148862 0.46654052 12.5
11.336472 1.0898955 0.467022 10
11.357676 1.1643119 0.46776593 9
11.374419 1.2386371 0.46826676 8
11.386714 1.3128029 0.4685277 8
11.418152 1.3914025 0.46980646 7
11.437394 1.4670289 0.47043619 8
11.464011 1.543954 0.47146004 9.5
11.489275 1.6581712 0.47220519 13
11.510443 1.737446 0.47292298 14
11.540458 1.8350569 0.47401744 15
11.568712 1.9518735 0.47491151 15
11.6002 2.0911326 0.47585991 13
11.622706 2.1708498 0.47664481 12
11.646578 2.2513132 0.47750098 10
11.666808 2.369843 0.47794974 11
11.683205 2.4649074 0.47832122 12.333333
11.699249 2.53248 0.47882324 12
11.734183 2.6465333 0.48009592 11.5
11.771873 2.744725 0.48160875 11
11.789934 2.8272927 0.4821372 8
11.804593 2.8700595 0.48270041 8
11.84444 2.9784279 0.48427236 10
11.877199 3.1282978 0.48523524 12
11.914733 3.2384176 0.48667371 14
11.933261 3.3444853 0.48709974 2
11.961365 3.4334445 0.48814073 1
11.98946 3.5254092 0.48916778 0
11.983326 3.6470852 0.48816898 0
11.998973 3.7344201 0.48854294 0
11.998722 3.8174133 0.48807541 0
12.008492 3.9364634 0.48795772 0
12.090367 4.2713542 0.49058607 1
12.184623 4.2174215 0.49600595 1
11.996888 4.3696876 0.48496854 5
12.050724 4.3005395 0.48827079 2
12.016106 4.5053363 0.48527619 7
12.030098 4.640327 0.48530254 3
12.123455 4.9422598 0.48874363 0
12.129809 5.0339108 0.48859319 1
12.145151 5.154809 0.48877591 0.5
12.184417 5.3297691 0.48996475 1
11.008127 6.5005946 0.41972309 3
12.259767 6.8581901 0.48586345 8
12.337173 6.8496904 0.49011761 6
12.287706 7.0797849 0.48620611 4
12.351868 7.0387335 0.48991305 6
12.262254 7.116734 0.48462555 5
12.354794 7.3249807 0.48855036 2
11.015554 9.69837 0.4016597 35
11.088195 9.8222198 0.40491509 34
11.162977 10.046571 0.40771705 33
11.090574 10.140324 0.40322122 34
10.366918 5.2876577 0.59463018 24
10.411868 5.2687044 0.5977307 24
10.334703 5.3744011 0.59258366 21.5
9.7647591 6.1326876 0.55529094 12
9.8315172 6.1304622 0.55990082 15
10.037319 6.1678267 0.57428044 13
10.125072 6.176486 0.58038867 11
9.6136847 6.2099981 0.54514515 20
9.6271105 6.3713541 0.54665911 9.5
9.6226177 6.4554811 0.54662895 14
9.5886478 6.5868435 0.54473406 28
9.630806 6.5485678 0.54751891 18
9.5814657 6.6262884 0.5443787 26
9.5676851 6.7532115 0.54390079 23.666666
9.5541925 6.9474154 0.54372591 17
9.5493336 7.0369387 0.54375815 21.5
9.5396519 7.1377053 0.54351407 29.4
9.5234013 7.3226991 0.54319739 25
3.6322911 -15.272083 0.67580354 0
14.635967 4.7800598 0.62626004 1
14.537803 4.85039 0.62053919 4
10.463984 5.2530055 0.60134166 23
10.749298 5.2862544 0.62138295 31
10.458106 5.5411115 0.60161352 21
14.274761 5.6610951 0.60185033 0
14.272125 5.8424544 0.60072756 0
11.341202 9.5595284 0.67825174 1
11.779022 -9.1969042 0.79873961 14
11.971232 -8.2733355 0.79826355 0.66666669
11.989572 -8.1377344 0.7975952 0
12.001861 -8.0908728 0.79777688 0
11.99861 -7.8129892 0.79367197 0
12.008486 -7.7386971 0.79332614 0
12.018356 -7.5289359 0.79113734 0
12.022876 -7.4001961 0.78970987 0
12.018876 -7.3454704 0.78869933 0
12.035234 -7.2255716 0.78823042 0
12.038842 -7.1217403 0.78710544 0
12.04653 -7.049438 0.78668749 0
12.053737 -6.9010901 0.78525424 0
12.065 -6.857029 0.78546566 0
12.064203 -6.7032285 0.78343683 0
12.064214 -6.6037588 0.78217483 0
12.081444 -6.5636921 0.7828666 0
12.077167 -6.4110022 0.7806564 0
12.097298 -6.3728056 0.78158349 0
12.098408 -5.9609814 0.77664697 1
12.096299 -5.8651333 0.77535915 1
12.10803 -5.7061534 0.77431011 1
12.111526 -5.6610537 0.77402949 1
12.11508 -5.5438213 0.77292359 1.5
12.091171 -5.41752 0.76980495 4
12.104564 -5.377645 0.77029264 8
12.123779 -5.2591605 0.770311 7.5
12.142722 -5.1184292 0.77008277 4
12.152715 -5.0323343 0.76984441 3
12.159202 -4.9003253 0.76887524 3
12.16091 -4.8315601 0.76826048 3.5
12.16158 -4.7207232 0.76713556 4
12.165283 -4.6779199 0.76694822 4
12.16852 -4.5909643 0.7662726 3
12.178651 -4.4607296 0.76565021 3
12.187884 -4.3768287 0.76545244 2
12.194189 -4.2271757 0.76440477 3
12.192261 -4.1593242 0.76359916 2
12.201596 -4.1194725 0.76387018 2
12.217347 -3.9318576 0.76317966 2.5
12.22981 -3.8269801 0.76307207 2
12.242785 -3.7037888 0.76284844 2
12.235433 -3.638185 0.7617259 1
12.24307 -3.5772805 0.76171446 1
12.265704 -3.4555373 0.76223087 1
12.277378 -3.3541999 0.76216829 1
12.28654 -3.2385819 0.76181883 1
12.297693 -3.1699245 0.76202512 0
12.309964 -3.0073879 0.76153696 0
12.321125 -2.9276021 0.76167649 0
12.325516 -2.8657444 0.76148736 0
12.346545 -2.6642833 0.76138777 0
12.345989 -2.5620239 0.76055789 0
12.366507 -2.4499514 0.76117283 0
12.377847 -2.3424683 0.76118445 0
12.392904 -2.2844763 0.76183575 0
12.407708 -2.2038689 0.76231164 0
12.395085 -2.1610858 0.76110482 0
12.404167 -2.0616889 0.76105618 0
12.420373 -1.9635656 0.76153898 0
12.426128 -1.8224674 0.76100254 0
12.444574 -1.7236607 0.76167482 0
12.442299 -1.6230607 0.76086736 0
12.455364 -1.5224504 0.76117122 0
12.464945 -1.4436798 0.76137495 0
12.474596 -1.3248844 0.76135242 0
12.475074 -1.2451177 0.76091933 0
12.479024 -1.1657908 0.76074624 0
12.486137 -1.0447736 0.76057786 0.5
12.49444 -0.94602203 0.76063406 0
12.498127 -0.84471035 0.76035959 0
12.512803 -0.80602992 0.76111305 0
12.51546 -0.76639688 0.76104212 0
12.518644 -0.64720547 0.7604984 1
12.53183 -0.54848218 0.76081622 1
12.522328 -0.44642016 0.75950491 1.5
12.523343 -0.36699301 0.75909346 2
12.522798 -0.24787128 0.75834495 3
12.520601 -0.16623326 0.75771344 4
12.516016 -0.067000963 0.75681931 8
12.534647 0.051892146 0.75749379 8.5
12.558243 0.1523677 0.75864387 10.5
12.561489 0.2330652 0.75844949 10
12.568168 0.3127802 0.75851536 11
12.57682 0.44654956 0.75846177 10.666667
12.589046 0.55483598 0.75881225 10
12.60668 0.77557713 0.75904649 11.5
12.619157 0.83639085 0.75966805 12
12.643061 0.9606635 0.76084161 9
12.657108 1.0422175 0.7615037 8
12.681445 1.1383424 0.76285356 9.666667
12.699691 1.250169 0.76371962 9
12.707844 1.2915025 0.76414335 7
12.747223 1.4379036 0.76641512 7.5
12.77756 1.5446477 0.76820594 9.5
12.814551 1.6733624 0.7704109 11
12.825301 1.7159257 0.77103817 10
12.860442 1.8458416 0.77313709 11.5
12.894437 1.9764664 0.77516961 11
12.917752 2.0634704 0.77658218 10
12.93977 2.1297483 0.7779696 10.5
12.966793 2.2541215 0.77956432 13
12.99635 2.3734972 0.78137141 13
13.017019 2.4621456 0.78263217 14
13.044947 2.5953991 0.78431875 13
13.050331 2.6619456 0.7845602 12
13.06659 2.7738936 0.78548908 10
13.076753 2.8623495 0.78604198 9
13.104532 2.9984524 0.78777474 10
13.136033 3.0951586 0.78986007 11
13.151828 3.1864569 0.79084218 9
13.203442 3.3310351 0.7943095 8
13.232543 3.429498 0.7962563 10
13.257659 3.5251319 0.79792887 9
10.131345 6.2312665 0.78940356 0
10.149462 6.5981112 0.79563665 2
10.091972 6.6068964 0.79094219 18
9.7758722 6.7196651 0.76586449 9
9.7949638 6.848465 0.7691853 7.5
9.7843304 6.9558506 0.76975572 1
12.521012 9.65201 0.75930035 30.5
12.412407 9.7257061 0.75219524 29
12.420747 9.9885988 0.75402224 38
12.593236 10.189084 0.76678419 37
12.569003 10.267678 0.76551771 33
12.466402 10.652107 0.76051283 31.5
12.466894 10.855951 0.76164329 31.5
12.462208 11.023961 0.76225162 33
12.482093 11.11074 0.76408309 31
12.436761 11.250186 0.76181614 35
12.460341 11.448834 0.76455855 32
12.448377 11.509833 0.76410908 31
12.551072 11.900392 0.77337676 33
12.584497 12.081178 0.77673268 32
12.561369 12.134854 0.77551371 32
12.601688 12.24908 0.7789337 32
12.644302 12.366441 0.7825315 32
12.648916 12.448156 0.78335834 33
12.685575 12.639932 0.78704405 34
12.683241 12.716582 0.78738427 32
12.689079 12.801765 0.78832954 31
12.680346 12.957908 0.78878093 30
12.703269 13.143497 0.79154956 32
12.690274 13.212348 0.79115045 37
12.707644 13.312715 0.79298848 36
12.687227 14.06415 0.79691333 43
11.329811 -15.978483 0.88179016 7
11.317428 -15.751103 0.87681717 11
11.326591 -15.551544 0.87374943 12
11.340478 -15.367373 0.87129003 10
11.340763 -15.267443 0.86949515 10
11.33499 -15.061654 0.86540079 9
11.398843 -14.096624 0.8523469 9
11.43552 -13.653524 0.8470155 8
11.460484 -13.250541 0.841712 9
11.475802 -12.809819 0.83523691 14
11.49175 -12.74687 0.83523232 15
11.50548 -12.522906 0.83239394 30
11.518319 -12.379928 0.83087069 44
11.529248 -12.232335 0.82915264 19
11.541848 -12.067333 0.82728297 19.333334
11.571654 -11.897305 0.82649869 19
11.581446 -11.758644 0.82490921 21
11.586514 -11.685977 0.82407284 21
11.602858 -11.556296 0.82308757 19
11.598122 -11.40727 0.82039338 10
11.602366 -11.339925 0.81960958 9
11.618567 -11.213812 0.81870472 9
11.64278 -11.057895 0.81788504 11.5
11.661191 -10.971203 0.81777322 10
11.685802 -10.856643 0.81765902 7
11.715333 -10.747604 0.81797624 5
11.715836 -10.642982 0.81640458 6
11.755754 -10.445329 0.81610769 11
11.78071 -10.368473 0.81664526 14
11.825939 -10.175747 0.81683779 12
11.849936 -10.067309 0.81686836 11
11.873517 -9.8958902 0.81586462 7
11.921852 -9.5256767 0.81341767 2.5
11.913398 -9.4269419 0.81133938 4
12.009534 -8.8986645 0.80995339 3
11.977737 -8.4088364 0.80064785 0
13.309725 3.7187793 0.80143148 13
13.34421 3.8416982 0.80377614 14
13.373132 3.9666216 0.80574298 14
13.380047 4.0145164 0.80620325 14
13.417618 4.1408906 0.80880213 14
13.432769 4.2150111 0.80984461 14
13.444699 4.3118525 0.81065702 14
13.465752 4.508853 0.81211525 16
13.476063 4.6304893 0.81284475 15.5
13.473451 4.7008586 0.81266558 15
13.462548 4.8668633 0.81193531 12.5
13.492269 4.9976368 0.81408715 15
13.510567 5.0526047 0.81540644 13
13.547129 5.2638302 0.81811941 11
13.561381 5.3347907 0.81917858 11.666667
13.600045 5.4816628 0.82203096 13
13.612757 5.5364571 0.82297873 14
13.615362 5.6640263 0.82329762 13
13.627933 5.7965293 0.82434016 13
13.654406 5.9090924 0.82634759 11
13.676163 6.0462532 0.82806969 14.5
13.68278 6.1263156 0.828655 15
13.707635 6.1889071 0.83049905 14
13.720215 6.2492924 0.83148509 14
13.742044 6.3373342 0.83316624 11
13.766435 6.4446564 0.83506823 13
13.862398 6.6304216 0.84214735 4
13.975474 7.4041138 0.85183835 13
14.00601 7.5611277 0.8543911 19
13.607932 7.6604061 0.82697016 29
13.730141 7.6114812 0.83532214 23
13.521865 7.7251306 0.82118791 19
14.003353 7.7020369 0.85460216 9
13.492861 7.8497906 0.81957221 12.5
13.566474 8.0344248 0.82529151 20
13.624314 8.1256132 0.8296116 15
12.838124 13.786044 0.80493271 39
12.860981 13.896502 0.80722457 40
12.953562 14.264055 0.81597972 40
13.096574 14.691446 0.82852972 40
13.149858 14.84269 0.83315581 34
13.099798 14.978999 0.83086669 33
13.045146 15.011598 0.82751036 33
13.74911 -8.0577049 1.1977162 2
13.740889 -7.9366603 1.1943892 4
13.731943 -7.7588453 1.1898078 18
13.733254 -7.6802821 1.1882447 17.333334
13.736173 -7.5872183 1.1865227 18
13.731169 -7.4715834 1.1836736 16
13.740882 -7.2501812 1.1799195 17
13.751244 -6.8711271 1.1731726 15
13.759028 -6.6559587 1.169625 15
13.757544 -6.5482121 1.1674219 16
13.755263 -6.4407392 1.1651767 17
13.751344 -6.3829947 1.163747 16
13.759495 -6.2550926 1.1620516 14.5
13.770188 -6.1290627 1.1606417 11
13.742097 -6.0644684 1.1570414 9
13.788918 -5.9267216 1.1585822 6
13.774579 -5.8689632 1.1563122 2
13.781948 -5.7693896 1.1551828 1
13.788312 -5.6443634 1.1535454 0.5
13.809355 -5.5766754 1.1541946 0
13.811285 -5.4480133 1.1521628 0
13.811157 -5.3220935 1.1500328 0
13.824804 -5.1509428 1.1483924 0
13.825745 -5.0504985 1.1468441 0
13.832692 -4.9787645 1.1462977 0
13.830096 -4.8791838 1.1444933 0
13.838744 -4.6834283 1.142205 0
13.863131 -4.4244008 1.1404428 0
13.866184 -4.3021059 1.1389223 0
13.868326 -4.2547016 1.1384261 0
13.868309 -4.1588359 1.1370583 0
13.879107 -4.0665388 1.1367085 0
13.893832 -3.972935 1.1367054 0
13.883205 -3.8591664 1.1342262 0
13.89359 -3.7360547 1.1334982 0
13.909914 -3.5966122 1.133118 0
13.918871 -3.3648894 1.130991 0
13.93154 -3.2256961 1.1304157 0
13.942281 -3.0890367 1.129748 0
13.941264 -2.9502294 1.1280643 0
13.966344 -2.8633904 1.129305 0
13.978802 -2.679477 1.1284018 0
13.962559 -2.5619009 1.1257246 0
13.979115 -2.425487 1.1257939 0
13.992223 -2.3139369 1.1258476 0
13.987784 -2.2677171 1.1250037 0
13.989947 -2.1621594 1.1241866 0
14.026752 -2.044452 1.1263586 0
14.020678 -1.9755974 1.1251968 0
14.022379 -1.817675 1.123961 0
14.032131 -1.7738602 1.1244539 0
14.045058 -1.6377302 1.1244712 0
14.050871 -1.5708778 1.1244502 0
14.059612 -1.4369 1.124181 0
14.062757 -1.3473666 1.123786 0
14.069544 -1.2557249 1.1237189 0
14.079357 -1.1444687 1.1238086 0
14.098252 -1.0090213 1.1245731 0
14.117035 -0.85337847 1.1250519 0
14.123801 -0.74159354 1.1248144 0
14.132477 -0.65233862 1.1249405 0
14.146723 -0.51590532 1.1252539 0
14.160414 -0.47158432 1.1261723 0
14.159515 -0.38176003 1.1254981 0
14.171007 -0.24610943 1.125663 0
14.189018 -0.132989 1.1265814 0
14.190158 -0.020651897 1.1260332 0
14.218014 0.15921046 1.127537 0
14.230747 0.27444798 1.1280887 0
14.226711 0.38706627 1.1271864 0
14.237589 0.4323943 1.1279455 1
14.250878 0.52554977 1.1287162 6
14.247728 0.61579728 1.1280524 12
14.262238 0.74301481 1.1288396 11.8
14.278666 0.88881534 1.1297678 12
14.285023 0.98249274 1.1300197 12
14.297997 1.0287519 1.1310258 12
14.302873 1.0745651 1.1313171 11
14.317842 1.1439393 1.1324435 9.5
14.328547 1.2131683 1.1332021 10
14.35674 1.3310504 1.1354063 11.5
14.383826 1.4648013 1.1375109 7.3333335
14.39492 1.5425038 1.1383349 7
14.414025 1.5905286 1.1399424 7
14.455716 1.6873999 1.143478 9
14.467451 1.7608633 1.1444093 8
14.494983 1.8337898 1.1467528 8
14.51432 1.9527621 1.1483302 10.5
14.533852 2.0488586 1.1499743 10
14.544508 2.1467426 1.1508524 11
14.562773 2.2434287 1.1524243 11.5
14.578824 2.3638117 1.1538161 12
14.595664 2.4611542 1.1553063 9
14.635018 2.5653238 1.1588176 11
14.642767 2.6382008 1.1595323 9
14.654123 2.7118816 1.1605771 8
14.691913 2.8307035 1.1640133 8.333333
14.70997 2.9143891 1.1656908 9
14.726582 3.0170174 1.1672834 10
14.76854 3.1712887 1.1712146 10
14.786077 3.2237594 1.1728503 9
14.820601 3.3291252 1.1760893 11
14.850451 3.461642 1.1789992 12.5
14.884351 3.6595984 1.1824621 9.333333
14.90424 3.7975447 1.1845913 7
14.911198 3.8521836 1.1853671 7
14.931897 3.9328203 1.1874369 8
14.981196 4.1226807 1.1924059 11
15.009397 4.2321763 1.1952807 9
15.044499 4.3443303 1.1987929 8
14.836391 4.6717291 1.1819633 13
14.106496 4.7715139 1.1186184 28
14.427824 4.7757649 1.1467261 25
14.768999 4.7279911 1.1763315 11
14.091734 4.8162007 1.1175724 26
14.220365 4.9590769 1.1296045 16
14.227201 5.0621319 1.130802 22
14.255817 5.1254745 1.1336788 19
14.147772 5.2392235 1.1249729 11
13.977304 5.3453774 1.110836 15.666667
14.044079 5.3027387 1.1163595 12
14.524342 5.3226933 1.1582866 16
14.06757 5.6456423 1.1207674 25
14.038403 5.7628851 1.1191022 26
13.99785 5.8527632 1.1162763 25
14.341124 6.0454164 1.1474676 31
14.284472 6.1815286 1.1436542 17
14.351317 6.1561923 1.1492254 13
14.279979 6.2330155 1.1436859 12
14.415698 6.8408322 1.1606753 14
14.743617 7.6891088 1.1970851 24
14.719742 7.7358012 1.1955379 28
14.691597 7.8723788 1.1946006 34.5
14.654728 8.031498 1.1932024 45
14.525611 8.1111135 1.1831303 23
14.620722 8.2568731 1.1928596 46.5
14.613701 8.404748 1.1939777 29
14.601076 8.9584484 1.1996429 28
14.552064 9.0550127 1.1967471 28
14.248006 9.1825237 1.172911 23
14.440118 9.1762018 1.1889197 28
13.496815 -12.792959 1.2958719 10
13.503831 -12.639408 1.2922237 10
13.502437 -12.558716 1.2899114 10
13.503604 -12.480865 1.287889 11
13.501156 -12.317744 1.2832747 15
13.503929 -12.165575 1.2794111 19
13.506305 -12.090979 1.2776065 20
13.504064 -11.936835 1.2733269 20
13.510746 -11.763126 1.2692777 15
13.503518 -11.632889 1.2652777 10
13.526127 -11.541671 1.2647403 8
13.547408 -11.376898 1.2622107 11
13.515615 -11.277864 1.2569613 19
13.578037 -10.967783 1.253818 22
13.605673 -10.77914 1.2511439 12
13.667486 -10.615453 1.2519548 8
13.65655 -10.538094 1.2490782 9
13.672724 -10.44782 1.2480958 8.5
13.675705 -10.347981 1.2458035 8
13.678467 -10.259972 1.2438065 8
13.67971 -10.148944 1.2411174 8
13.732417 -9.588747 1.2316494 7
13.723464 -9.454215 1.2276611 7
13.733356 -9.3972807 1.2271147 7
13.749178 -9.2812767 1.22566 3
13.793037 -9.0561085 1.2239966 0
13.779452 -8.9231787 1.2197673 0
13.778912 -8.7783356 1.2163782 0
13.77069 -8.6692572 1.213191 0
13.785841 -8.5276356 1.2112463 0.5
13.775853 -8.3717928 1.2069079 1
15.057161 4.4022136 1.2001388 10
15.080217 4.538054 1.2027307 11
15.108803 4.624362 1.2056147 12
14.921936 7.1326141 1.2068435 11
15.004413 7.2290802 1.2148246 14
14.974883 7.3930922 1.2138689 17
14.860805 7.4545307 1.2047083 23
15.16313 7.4247384 1.2303014 19
14.839353 7.5610118 1.2039413 22
14.815878 7.6080046 1.202414 13
14.956404 8.7542152 1.2270865 25.5
14.93295 8.8985376 1.2268474 31
14.859061 8.9222088 1.2209138 27
14.589206 10.406512 1.2177011 30
14.463716 10.808657 1.2130266 30
14.485948 10.966882 1.2171856 29
14.538653 11.149776 1.224254 32
14.516659 11.27817 1.2243716 32
14.494195 11.333934 1.2233684 33
14.341887 11.439712 1.2124877 30
14.481657 11.848258 1.2303482 32
14.427091 12.036302 1.2289109 26
14.485061 12.160691 1.2356498 26
14.852633 12.542665 1.2718047 33
14.829329 12.682937 1.2722112 33
14.835526 12.768594 1.2741313 32
14.81037 12.909276 1.2744405 33
14.821543 13.000509 1.2768787 30
14.771378 13.165075 1.2756199 33
14.695896 13.392344 1.2734529 31
14.713632 13.324386 1.2737031 32
14.596786 13.556016 1.2683526 33
13.527321 -14.646894 1.3510355 13
13.526001 -14.46223 1.3455302 12
13.521722 -14.361932 1.3422692 11
13.519917 -14.269994 1.3394593 11
13.503573 -13.986491 1.3299906 13
13.488865 -13.883764 1.3258841 15
13.470868 -13.778416 1.3214502 18
13.505876 -13.636915 1.3201855 23
13.494962 -13.540573 1.3165911 16
13.480755 -13.441625 1.3126692 11
13.477413 -13.354112 1.3099372 11
13.481466 -13.149956 1.304543 10
13.494176 -12.952432 1.3000596 10
14.109555 5.5914221 1.3902118 21
14.815969 4.7998128 1.4540707 22
14.524131 4.8632722 1.4243718 17
14.308774 4.9443507 1.4028839 37
14.973476 4.921845 1.4717289 56.666668
14.368398 5.0659614 1.4104468 39
14.263754 5.1851478 1.4010004 22
14.345196 5.1089149 1.408537 33
14.394705 5.3859444 1.4169941 22
14.385241 5.5380454 1.417938 32
14.303667 5.7183714 1.4119084 24
14.256991 5.8046284 1.408281 35
14.431182 5.9266467 1.4278849 22
14.549381 6.0274835 1.4414457 14
14.6544 6.1812325 1.4544226 14
14.760244 6.2795105 1.4667045 12
14.73436 6.4337187 1.4663334 13
15.964567 -3.3908277 1.5989078 0
15.974175 -3.1267138 1.5960737 0
15.993775 -3.0256834 1.5967308 0
16.012751 -2.9245212 1.5973532 0
16.010782 -2.8689098 1.5963976 0
16.021397 -2.7402749 1.5958331 0
16.027117 -2.610949 1.5947927 0
16.019691 -2.5576949 1.5933436 0
16.049463 -2.432564 1.5949789 0
16.039387 -2.2984655 1.5923337 0
16.040394 -2.1778967 1.5910745 0
16.066402 -2.0436673 1.5923666 0
16.06776 -1.9377373 1.591393 0
16.069986 -1.8864574 1.5911014 0
16.07284 -1.758081 1.5901214 0
16.077267 -1.6813985 1.5898485 0
16.060158 -1.576866 1.5870482 0
16.105999 -1.4759153 1.5910071 0
16.095497 -1.372277 1.5889859 0
16.111795 -1.3224286 1.5902971 0
16.120138 -1.220549 1.5903467 0
16.120329 -1.1664325 1.5899338 0
16.153864 -0.93795025 1.5914917 0
16.172318 -0.86204839 1.5928111 0
16.169868 -0.75922406 1.5917069 1
16.215679 -0.63012874 1.595577 5.5
16.220655 -0.50178021 1.5951533 8
16.226334 -0.4505606 1.595392 8
16.227877 -0.39919296 1.5951976 9
16.210598 -0.29596108 1.5926615 12
16.20863 -0.19037911 1.5917778 12
16.214115 -0.062122852 1.5915889 10
16.236345 0.14327379 1.5928242 9.5
16.24576 0.22331977 1.5934229 9
16.27784 0.35242933 1.5962296 8.5
16.297014 0.48175508 1.5977098 8
15.437075 7.4729328 1.5545795 11.5
15.449841 7.6311073 1.5585799 1
15.293123 7.7658639 1.5450858 39
15.28422 7.9434896 1.54739 38
15.282761 8.0991898 1.5501161 38
15.285838 8.1623726 1.5516084 33
15.259605 8.2722387 1.5510503 35
15.356812 8.3862619 1.5629898 28
15.350054 8.5081911 1.5646721 11
15.300151 8.6739798 1.5629528 12
14.956853 8.7964354 1.5311973 1
15.868578 -8.3220491 1.6975586 12
15.848815 -8.2479048 1.6934694 12
15.839784 -8.1480446 1.689748 13.5
15.830227 -8.0484295 1.6860001 14
15.825929 -7.9625249 1.6831847 14
15.820465 -7.7278833 1.6762098 15
15.825778 -7.606976 1.6734915 16
15.828101 -7.5466151 1.672115 15
15.826612 -7.484602 1.6703171 14
15.824249 -7.3580289 1.6667422 14
15.814839 -7.292922 1.6640863 15
15.810127 -7.1397915 1.6596512 17
15.807688 -6.98879 1.6555576 18
15.812505 -6.8684092 1.6530243 18
15.818892 -6.7526345 1.6508063 18
15.817626 -6.6636047 1.6484935 17
15.82327 -6.5777922 1.6469852 16
15.824879 -6.3416858 1.64151 17
15.834956 -6.2298112 1.6399264 17
15.839704 -6.1739216 1.6391194 16
15.845056 -6.0417447 1.636642 13
15.861115 -5.7780762 1.6323967 19
15.863258 -5.6466279 1.6297504 17
15.870891 -5.4396672 1.6261185 20
15.878556 -5.3303041 1.6246268 18
15.871529 -5.2442741 1.622123 17
15.871655 -5.1608992 1.6204349 18
15.869863 -5.0495167 1.6180075 18
15.863885 -4.989296 1.6161865 17
15.864793 -4.8520489 1.6135921 15
15.876008 -4.7185287 1.6121973 15
15.887288 -4.6096668 1.6113218 16
15.9338 -4.5414958 1.6149192 2.5
15.935245 -4.3516932 1.6116219 0
15.925921 -4.2950144 1.6096367 0
15.92591 -4.1870875 1.60774 0
15.945805 -4.0548472 1.6075521 0
15.949187 -3.9573395 1.6062642 0
15.949301 -3.868206 1.6047992 0
15.969665 -3.766386 1.6052827 0
15.951302 -3.6526062 1.6015354 0
15.962584 -3.5623116 1.6013138 0
15.989708 -3.2906718 1.6000761 0
16.329161 0.6664924 1.6004264 9
16.344088 0.74473637 1.601747 9
16.377407 0.92789519 1.6047403 10.5
16.403969 1.0594542 1.607232 10
16.417122 1.1674818 1.6083994 10
16.429773 1.2728199 1.6095507 11
16.457626 1.379589 1.6123518 10
16.511734 1.5446018 1.6179243 11
16.537844 1.6524503 1.6206244 10
16.575125 1.7618606 1.6245443 10
16.611696 1.8718091 1.6284242 9
16.647217 1.9852211 1.6322302 10
16.694174 2.0976291 1.6372823 9
16.703554 2.1523955 1.6383234 10
16.737562 2.2641981 1.642054 12
16.762945 2.3754442 1.6449022 11
16.795065 2.4911828 1.6485119 11
16.832666 2.6325657 1.6527939 11.5
16.877001 2.7759073 1.6578478 10
16.89596 2.8337367 1.6600156 10
16.970774 3.0144427 1.6684967 10
17.057814 3.1405427 1.6781436 9
17.099037 3.2037001 1.6827393 10
17.153433 3.3257639 1.688974 10
17.218695 3.450901 1.6964064 10
15.809785 -11.662388 1.7986469 17
15.809824 -11.547383 1.7946099 18
15.812434 -11.434953 1.7909315 20
15.802989 -11.352388 1.7871482 17
15.780229 -11.260735 1.7817733 18
15.724602 -11.146283 1.7724408 37
15.773926 -11.065396 1.7744429 50
15.774715 -10.808079 1.7657746 18
15.781878 -10.554842 1.7579889 20.5
15.77836 -10.444701 1.7539934 21
15.781151 -10.375085 1.751971 23
15.791201 -10.168909 1.746215 22
15.806144 -10.034058 1.7433195 24
15.793262 -9.8519249 1.7362211 20.5
15.802206 -9.6508541 1.730744 22
15.875602 -9.2501755 1.7256122 10
15.88393 -9.1879835 1.7245491 7
15.886068 -9.0558128 1.7207717 8
15.907828 -8.7674637 1.7143736 6.5
15.886515 -8.560442 1.7062016 9
15.875597 -8.4540634 1.7020357 13
17.251249 3.5738044 1.700416 11
17.287006 3.6378961 1.7045009 12
17.306952 3.6990414 1.7069138 13
17.361717 3.8442726 1.7134582 13
17.384602 3.9451883 1.7164356 14
17.406683 4.0110645 1.7191494 13
17.433044 4.1523533 1.722788 14
17.508484 4.3550515 1.7320478 15
17.569775 4.5796595 1.7400783 15
17.595177 4.7048106 1.7436861 14
17.626791 4.7726331 1.7475269 14
17.64662 4.837625 1.7501193 14
17.689272 4.9090028 1.7551631 15
17.704777 4.973361 1.7573166 16
17.731565 5.0410433 1.7606884 13
17.772024 5.1769481 1.7660973 8
17.780659 5.3623123 1.7686754 5
17.735825 5.4713492 1.7650253 12
15.195821 5.5236802 1.7869543 15
17.71315 5.5870442 1.7637882 34
15.187614 5.6294613 1.7878737 25
15.172566 6.0110903 1.7932981 8
17.561192 8.2389088 1.7831924 18
16.867819 9.4006348 1.7341436 21
16.798859 9.5752201 1.7307228 28
16.793379 9.6420889 1.7315236 20
16.81535 9.7247276 1.7353928 22
16.959362 10.168625 1.7589358 55
15.817105 -11.82688 1.8051727 13
15.366479 5.5292244 1.8075501 13
15.26517 5.9635105 1.8034322 14.5
15.231281 6.145072 1.8029619 0
15.270636 6.7591209 1.820617 2
18.59288 5.4834342 2.1965768 0
17.821669 5.6925039 2.1061931 10
18.548975 5.6621366 2.1937749 31
18.365524 5.7344356 2.1726179 27
18.466778 5.7014122 2.1843903 29
17.813244 5.9419794 2.1090937 33
18.488588 6.291472 2.1962264 26
18.431423 6.3373699 2.1901028 25
18.400713 -7.4557409 2.2833924 22
18.387245 -7.3452001 2.2784588 20.5
18.368896 -7.1365719 2.2700834 19
18.383739 -6.9756393 2.2671723 19
18.379307 -6.7715464 2.2608197 20
18.384304 -6.6416721 2.2577822 22
18.412579 -6.4551883 2.2560518 25
18.42115 -6.3699379 2.2547796 24
18.440107 -6.2655163 2.2542686 22
18.49881 -6.0257525 2.2550826 13
18.502619 -5.9623594 2.2539203 12
18.525776 -5.8372254 2.2535541 13
18.523293 -5.6438284 2.2484696 13
18.526983 -5.5490808 2.2466192 13.5
18.526451 -5.4532638 2.2442584 14
18.520992 -5.2576833 2.2390051 14
18.534739 -5.1351686 2.2378657 13
18.5394 -5.0733981 2.237036 13
18.540443 -4.9478498 2.2343645 14
18.552597 -4.8552275 2.2338159 15
18.601027 -4.5844831 2.2339599 10
18.606543 -4.4612017 2.2320967 9
18.608578 -4.3667183 2.2304387 8
18.60605 -4.0550747 2.2240527 12
18.618242 -3.9038205 2.2227194 12
18.639568 -3.7513294 2.2225692 12
18.647451 -3.6303639 2.2214024 12
18.650932 -3.5392971 2.2202556 13
18.654295 -3.4788527 2.2196407 13
18.64152 -3.3511353 2.215939 12
18.659906 -3.2936249 2.2172613 12
18.673786 -3.1440892 2.2165852 12
18.690449 -2.995183 2.2163403 12
18.710436 -2.8166556 2.2161589 13
18.708076 -2.7524192 2.214941 13
18.713514 -2.6324255 2.2139268 13
18.718201 -2.5124638 2.212872 14
18.726156 -2.4533024 2.2130687 13
18.726194 -2.3295653 2.2114689 13
18.737518 -2.2708755 2.2121282 13
18.775391 -2.1552286 2.2153895 10
18.741562 -2.0311759 2.2097335 14
18.762184 -1.9135293 2.2109423 13
18.77813 -1.7952982 2.2116172 13
18.789698 -1.6732634 2.211762 14
18.808104 -1.5551569 2.2128494 14
18.821402 -1.4664733 2.2136376 14.5
18.835043 -1.3145579 2.213917 15
18.831318 -1.2544346 2.2128022 15
18.843285 -1.1953717 2.2136879 15
18.84687 -1.0758237 2.2129636 13
18.849705 -0.95628411 2.2121964 13
18.862217 -0.86717874 2.2129502 13
18.890379 -0.77538723 2.2156501 13
18.903231 -0.65611076 2.2162583 12
18.913347 -0.59656572 2.2170413 13
18.951687 -0.44784814 2.2206736 12
18.967825 -0.35821885 2.2220347 12
18.98502 -0.29516199 2.2237389 12
19.017052 -0.14529626 2.2267456 11.5
19.059921 0.035136018 2.2310057 12
19.087698 0.12565209 2.2339635 11
19.122688 0.25012675 2.2376852 10
19.137915 0.31082159 2.2392912 11
19.179708 0.43271491 2.2439473 10
19.246275 0.63815737 2.2514343 11.333333
19.278727 0.74311155 2.2551217 11
19.317791 0.86685932 2.2596197 12
19.39356 1.1158905 2.268476 12
19.41795 1.1787958 2.2713974 12
19.442141 1.2418621 2.2743068 13
19.525148 1.4363006 2.2844086 12
19.579588 1.5645678 2.2910988 13
19.625282 1.6929418 2.296761 11
19.647821 1.7573644 2.2995732 13
18.633091 5.5589314 2.2025049 23
19.703819 1.8912385 2.3066001 13
19.717808 1.9554349 2.3083951 13
